序号,工厂,车型,物料号,MTOC,车辆等级描述,外色描述,计划日期,每日顺序,阶段,订单类型,操作类型,生产订单号,生产订单号-ERP,订单状态,天窗,主车型代码,内饰描述,电池特征
932,Factory1,K3,WL0017,M0025,顶配,自由灰-Y,2022-09-02,230,SOP,order1,op1,PR000901,EPR000901,排序,天幕,CX16,灰黄街头,厂商A 218Ah（610）+厂商B76.8kWh+135kW
854,Factory1,K3,WL0014,M0022,顶配,极速银-Y,2022-09-02,152,SOP,order1,op1,PR000829,EPR000829,排序,天幕,CX16,灰黄街头,厂商A 218Ah（610）+厂商B76.8kWh+135kW
855,Factory1,K3,WL0014,M0022,顶配,极速银-Y,2022-09-02,153,SOP,order1,op1,PR000830,EPR000830,排序,天幕,CX16,灰黄街头,厂商A 218Ah（610）+厂商B76.8kWh+135kW
856,Factory1,K3,WL0003,M0020,顶配,极速银-Y,2022-09-02,154,SOP,order1,op1,PR000831,EPR000831,排序,天幕,CX16,小逸奶茶,厂商A 218Ah（610）+厂商B76.8kWh+135kW
899,Factory1,K3,WL0003,M0004,次高配,星漫绿,2022-09-02,197,SOP,order1,op1,PR000868,EPR000868,排序,天幕,CX04,灰黄街头,厂商A 218Ah（610）+厂商B76.8kWh+135kW
900,Factory1,K3,WL0003,M0004,次高配,星漫绿,2022-09-02,198,SOP,order1,op1,PR000869,EPR000869,排序,天幕,CX04,灰黄街头,厂商A 218Ah（610）+厂商B76.8kWh+135kW
901,Factory1,K3,WL0003,M0004,次高配,星漫绿,2022-09-02,199,SOP,order1,op1,PR000870,EPR000870,排序,天幕,CX04,灰黄街头,厂商A 218Ah（610）+厂商B76.8kWh+135kW
902,Factory1,K3,WL0003,M0004,次高配,星漫绿,2022-09-02,200,SOP,order1,op1,PR000871,EPR000871,排序,天幕,CX04,灰黄街头,厂商A 218Ah（610）+厂商B76.8kWh+135kW
917,Factory1,K3,WL0003,M0003,次高配,星漫绿,2022-09-02,215,SOP,order1,op1,PR000886,EPR000886,排序,天幕,CX03,清新马卡龙,厂商D(磷酸铁锂）174Ah（500）+厂商E135kW
918,Factory1,K3,WL0003,M0003,次高配,星漫绿,2022-09-02,216,SOP,order1,op1,PR000887,EPR000887,排序,天幕,CX03,灰黄街头,厂商D(磷酸铁锂）174Ah（500）+厂商E135kW
919,Factory1,K3,WL0003,M0003,次高配,星漫绿,2022-09-02,217,SOP,order1,op1,PR000888,EPR000888,排序,天幕,CX03,灰黄街头,厂商D(磷酸铁锂）174Ah（500）+厂商E135kW
920,Factory1,K3,WL0003,M0003,次高配,星漫绿,2022-09-02,218,SOP,order1,op1,PR000889,EPR000889,排序,天幕,CX03,灰黄街头,厂商D(磷酸铁锂）174Ah（500）+厂商E135kW
921,Factory1,K3,WL0003,M0003,次高配,星漫绿,2022-09-02,219,SOP,order1,op1,PR000890,EPR000890,排序,天幕,CX03,灰黄街头,厂商D(磷酸铁锂）174Ah（500）+厂商E135kW
922,Factory1,K3,WL0003,M0003,次高配,星漫绿,2022-09-02,220,SOP,order1,op1,PR000891,EPR000891,排序,天幕,CX03,灰黄街头,厂商D(磷酸铁锂）174Ah（500）+厂商E135kW
923,Factory1,K3,WL0003,M0003,次高配,星漫绿,2022-09-02,221,SOP,order1,op1,PR000892,EPR000892,排序,天幕,CX03,小逸奶茶,厂商D(磷酸铁锂）174Ah（500）+厂商E135kW
924,Factory1,K3,WL0003,M0003,次高配,星漫绿,2022-09-02,222,SOP,order1,op1,PR000893,EPR000893,排序,天幕,CX03,灰黄街头,厂商D(磷酸铁锂）174Ah（500）+厂商E135kW
925,Factory1,K3,WL0003,M0003,次高配,星漫绿,2022-09-02,223,SOP,order1,op1,PR000894,EPR000894,排序,天幕,CX03,灰黄街头,厂商D(磷酸铁锂）174Ah（500）+厂商E135kW
926,Factory1,K3,WL0003,M0003,次高配,星漫绿,2022-09-02,224,SOP,order1,op1,PR000895,EPR000895,排序,天幕,CX03,灰黄街头,厂商D(磷酸铁锂）174Ah（500）+厂商E135kW
927,Factory1,K3,WL0003,M0003,次高配,星漫绿,2022-09-02,225,SOP,order1,op1,PR000896,EPR000896,排序,天幕,CX03,灰黄街头,厂商D(磷酸铁锂）174Ah（500）+厂商E135kW
928,Factory1,K3,WL0003,M0003,次高配,星漫绿,2022-09-02,226,SOP,order1,op1,PR000897,EPR000897,排序,天幕,CX03,灰黄街头,厂商D(磷酸铁锂）174Ah（500）+厂商E135kW
929,Factory1,K3,WL0003,M0003,次高配,星漫绿,2022-09-02,227,SOP,order1,op1,PR000898,EPR000898,排序,天幕,CX03,灰黄街头,厂商D(磷酸铁锂）174Ah（500）+厂商E135kW
930,Factory1,K3,WL0003,M0003,次高配,星漫绿,2022-09-02,228,SOP,order1,op1,PR000899,EPR000899,排序,天幕,CX03,清新马卡龙,厂商D(磷酸铁锂）174Ah（500）+厂商E135kW
931,Factory1,K3,WL0003,M0003,次高配,星漫绿-Y,2022-09-02,229,SOP,order1,op1,PR000900,EPR000900,排序,天幕,CX03,清新马卡龙,厂商D(磷酸铁锂）174Ah（500）+厂商E135kW
883,Factory1,K3,WL0003,M0003,次高配,星漫绿,2022-09-02,181,SOP,order1,op1,PR000858,EPR000858,排序,天幕,CX03,灰黄街头,厂商D(磷酸铁锂）174Ah（500）+厂商E135kW
884,Factory1,K3,WL0003,M0003,次高配,星漫绿,2022-09-02,182,SOP,order1,op1,PR000859,EPR000859,排序,天幕,CX03,灰黄街头,厂商D(磷酸铁锂）174Ah（500）+厂商E135kW
885,Factory1,K3,WL0003,M0003,次高配,星漫绿,2022-09-02,183,SOP,order1,op1,PR000860,EPR000860,排序,天幕,CX03,灰黄街头,厂商D(磷酸铁锂）174Ah（500）+厂商E135kW
886,Factory1,K3,WL0003,M0003,次高配,星漫绿,2022-09-02,184,SOP,order1,op1,PR000861,EPR000861,排序,天幕,CX03,灰黄街头,厂商D(磷酸铁锂）174Ah（500）+厂商E135kW
887,Factory1,K3,WL0003,M0003,次高配,星漫绿,2022-09-02,185,SOP,order1,op1,PR000862,EPR000862,排序,天幕,CX03,灰黄街头,厂商D(磷酸铁锂）174Ah（500）+厂商E135kW
888,Factory1,K3,WL0003,M0003,次高配,星漫绿,2022-09-02,186,SOP,order1,op1,PR000863,EPR000863,排序,天幕,CX03,清新马卡龙,厂商D(磷酸铁锂）174Ah（500）+厂商E135kW
889,Factory1,K3,WL0003,M0003,次高配,星漫绿,2022-09-02,187,SOP,order1,op1,PR000864,EPR000864,排序,天幕,CX03,灰黄街头,厂商D(磷酸铁锂）174Ah（500）+厂商E135kW
890,Factory1,K3,WL0003,M0003,次高配,星漫绿,2022-09-02,188,SOP,order1,op1,PR000865,EPR000865,排序,天幕,CX03,清新马卡龙,厂商D(磷酸铁锂）174Ah（500）+厂商E135kW
891,Factory1,K3,WL0003,M0003,次高配,星漫绿,2022-09-02,189,SOP,order1,op1,PR000866,EPR000866,排序,天幕,CX03,清新马卡龙,厂商D(磷酸铁锂）174Ah（500）+厂商E135kW
892,Factory1,K3,WL0003,M0003,次高配,星漫绿,2022-09-02,190,SOP,order1,op1,PR000867,EPR000867,排序,天幕,CX03,灰黄街头,厂商D(磷酸铁锂）174Ah（500）+厂商E135kW
903,Factory1,K3,WL0003,M0003,次高配,星漫绿,2022-09-02,201,SOP,order1,op1,PR000872,EPR000872,排序,天幕,CX03,灰黄街头,厂商D(磷酸铁锂）174Ah（500）+厂商E135kW
904,Factory1,K3,WL0003,M0003,次高配,星漫绿,2022-09-02,202,SOP,order1,op1,PR000873,EPR000873,排序,天幕,CX03,灰黄街头,厂商D(磷酸铁锂）174Ah（500）+厂商E135kW
905,Factory1,K3,WL0003,M0003,次高配,星漫绿,2022-09-02,203,SOP,order1,op1,PR000874,EPR000874,排序,天幕,CX03,灰黄街头,厂商D(磷酸铁锂）174Ah（500）+厂商E135kW
906,Factory1,K3,WL0003,M0003,次高配,星漫绿,2022-09-02,204,SOP,order1,op1,PR000875,EPR000875,排序,天幕,CX03,灰黄街头,厂商D(磷酸铁锂）174Ah（500）+厂商E135kW
907,Factory1,K3,WL0003,M0003,次高配,星漫绿,2022-09-02,205,SOP,order1,op1,PR000876,EPR000876,排序,天幕,CX03,灰黄街头,厂商D(磷酸铁锂）174Ah（500）+厂商E135kW
908,Factory1,K3,WL0003,M0003,次高配,星漫绿,2022-09-02,206,SOP,order1,op1,PR000877,EPR000877,排序,天幕,CX03,灰黄街头,厂商D(磷酸铁锂）174Ah（500）+厂商E135kW
909,Factory1,K3,WL0003,M0003,次高配,星漫绿,2022-09-02,207,SOP,order1,op1,PR000878,EPR000878,排序,天幕,CX03,灰黄街头,厂商D(磷酸铁锂）174Ah（500）+厂商E135kW
910,Factory1,K3,WL0003,M0003,次高配,星漫绿,2022-09-02,208,SOP,order1,op1,PR000879,EPR000879,排序,天幕,CX03,灰黄街头,厂商D(磷酸铁锂）174Ah（500）+厂商E135kW
911,Factory1,K3,WL0003,M0003,次高配,星漫绿,2022-09-02,209,SOP,order1,op1,PR000880,EPR000880,排序,天幕,CX03,灰黄街头,厂商D(磷酸铁锂）174Ah（500）+厂商E135kW
912,Factory1,K3,WL0003,M0003,次高配,星漫绿,2022-09-02,210,SOP,order1,op1,PR000881,EPR000881,排序,天幕,CX03,灰黄街头,厂商D(磷酸铁锂）174Ah（500）+厂商E135kW
913,Factory1,K3,WL0003,M0003,次高配,星漫绿,2022-09-02,211,SOP,order1,op1,PR000882,EPR000882,排序,天幕,CX03,灰黄街头,厂商D(磷酸铁锂）174Ah（500）+厂商E135kW
914,Factory1,K3,WL0003,M0003,次高配,星漫绿,2022-09-02,212,SOP,order1,op1,PR000883,EPR000883,排序,天幕,CX03,灰黄街头,厂商D(磷酸铁锂）174Ah（500）+厂商E135kW
915,Factory1,K3,WL0003,M0003,次高配,星漫绿,2022-09-02,213,SOP,order1,op1,PR000884,EPR000884,排序,天幕,CX03,紫色主题,厂商D(磷酸铁锂）174Ah（500）+厂商E135kW
916,Factory1,K3,WL0003,M0003,次高配,星漫绿,2022-09-02,214,SOP,order1,op1,PR000885,EPR000885,排序,天幕,CX03,清新马卡龙,厂商D(磷酸铁锂）174Ah（500）+厂商E135kW
801,Factory1,K3,WL0003,M0003,次高配,黑/极地白,2022-09-02,99,SOP,order1,op1,PR000776,EPR000776,排序,天幕,CX03,灰黄街头,厂商D(磷酸铁锂）174Ah（500）+厂商E135kW
832,Factory1,K3,WL0003,M0003,次高配,极地白-Y,2022-09-02,130,SOP,order1,op1,PR000807,EPR000807,排序,天幕,CX03,灰黄街头,厂商D(磷酸铁锂）174Ah（500）+厂商E135kW
833,Factory1,K3,WL0003,M0003,次高配,极地白-Y,2022-09-02,131,SOP,order1,op1,PR000808,EPR000808,排序,天幕,CX03,灰黄街头,厂商D(磷酸铁锂）174Ah（500）+厂商E135kW
834,Factory1,K3,WL0003,M0003,次高配,极地白-Y,2022-09-02,132,SOP,order1,op1,PR000809,EPR000809,排序,天幕,CX03,灰黄街头,厂商D(磷酸铁锂）174Ah（500）+厂商E135kW
835,Factory1,K3,WL0003,M0003,次高配,极地白-Y,2022-09-02,133,SOP,order1,op1,PR000810,EPR000810,排序,天幕,CX03,灰黄街头,厂商D(磷酸铁锂）174Ah（500）+厂商E135kW
836,Factory1,K3,WL0003,M0003,次高配,极地白-Y,2022-09-02,134,SOP,order1,op1,PR000811,EPR000811,排序,天幕,CX03,灰黄街头,厂商D(磷酸铁锂）174Ah（500）+厂商E135kW
837,Factory1,K3,WL0003,M0003,次高配,极地白-Y,2022-09-02,135,SOP,order1,op1,PR000812,EPR000812,排序,天幕,CX03,灰黄街头,厂商D(磷酸铁锂）174Ah（500）+厂商E135kW
838,Factory1,K3,WL0003,M0003,次高配,极地白-Y,2022-09-02,136,SOP,order1,op1,PR000813,EPR000813,排序,天幕,CX03,灰黄街头,厂商D(磷酸铁锂）174Ah（500）+厂商E135kW
839,Factory1,K3,WL0003,M0003,次高配,极地白-Y,2022-09-02,137,SOP,order1,op1,PR000814,EPR000814,排序,天幕,CX03,灰黄街头,厂商D(磷酸铁锂）174Ah（500）+厂商E135kW
840,Factory1,K3,WL0003,M0003,次高配,极地白-Y,2022-09-02,138,SOP,order1,op1,PR000815,EPR000815,排序,天幕,CX03,灰黄街头,厂商D(磷酸铁锂）174Ah（500）+厂商E135kW
841,Factory1,K3,WL0003,M0003,次高配,极地白-Y,2022-09-02,139,SOP,order1,op1,PR000816,EPR000816,排序,天幕,CX03,灰黄街头,厂商D(磷酸铁锂）174Ah（500）+厂商E135kW
842,Factory1,K3,WL0003,M0003,次高配,极地白-Y,2022-09-02,140,SOP,order1,op1,PR000817,EPR000817,排序,天幕,CX03,灰黄街头,厂商D(磷酸铁锂）174Ah（500）+厂商E135kW
843,Factory1,K3,WL0003,M0003,次高配,极地白,2022-09-02,141,SOP,order1,op1,PR000818,EPR000818,排序,天幕,CX03,清新马卡龙,厂商D(磷酸铁锂）174Ah（500）+厂商E135kW
844,Factory1,K3,WL0003,M0003,次高配,极地白,2022-09-02,142,SOP,order1,op1,PR000819,EPR000819,排序,天幕,CX03,清新马卡龙,厂商D(磷酸铁锂）174Ah（500）+厂商E135kW
845,Factory1,K3,WL0003,M0003,次高配,极地白,2022-09-02,143,SOP,order1,op1,PR000820,EPR000820,排序,天幕,CX03,灰黄街头,厂商D(磷酸铁锂）174Ah（500）+厂商E135kW
846,Factory1,K3,WL0003,M0003,次高配,极地白,2022-09-02,144,SOP,order1,op1,PR000821,EPR000821,排序,天幕,CX03,灰黄街头,厂商D(磷酸铁锂）174Ah（500）+厂商E135kW
1022,Factory1,K3,WL0003,M0003,次高配,极地白-Y,2022-09-02,320,SOP,order1,op1,PR000991,EPR000991,排序,天幕,CX03,灰黄街头,厂商D(磷酸铁锂）174Ah（500）+厂商E135kW
1089,Factory1,K3,WL0003,M0003,次高配,极地白-Y,2022-09-02,387,SOP,order1,op1,PR001058,EPR001058,排序,天幕,CX03,灰黄街头,厂商D(磷酸铁锂）174Ah（500）+厂商E135kW
1090,Factory1,K3,WL0003,M0003,次高配,极地白-Y,2022-09-02,388,SOP,order1,op1,PR001059,EPR001059,排序,天幕,CX03,灰黄街头,厂商D(磷酸铁锂）174Ah（500）+厂商E135kW
1091,Factory1,K3,WL0003,M0003,次高配,极地白-Y,2022-09-02,389,SOP,order1,op1,PR001060,EPR001060,排序,天幕,CX03,灰黄街头,厂商D(磷酸铁锂）174Ah（500）+厂商E135kW
1092,Factory1,K3,WL0003,M0003,次高配,极地白-Y,2022-09-02,390,SOP,order1,op1,PR001061,EPR001061,排序,天幕,CX03,灰黄街头,厂商D(磷酸铁锂）174Ah（500）+厂商E135kW
1093,Factory1,K3,WL0003,M0003,次高配,极地白-Y,2022-09-02,391,SOP,order1,op1,PR001062,EPR001062,排序,天幕,CX03,灰黄街头,厂商D(磷酸铁锂）174Ah（500）+厂商E135kW
1094,Factory1,K3,WL0003,M0003,次高配,极地白-Y,2022-09-02,392,SOP,order1,op1,PR001063,EPR001063,排序,天幕,CX03,灰黄街头,厂商D(磷酸铁锂）174Ah（500）+厂商E135kW
1095,Factory1,K3,WL0003,M0003,次高配,极地白-Y,2022-09-02,393,SOP,order1,op1,PR001064,EPR001064,排序,天幕,CX03,灰黄街头,厂商D(磷酸铁锂）174Ah（500）+厂商E135kW
1096,Factory1,K3,WL0003,M0003,次高配,极地白-Y,2022-09-02,394,SOP,order1,op1,PR001065,EPR001065,排序,天幕,CX03,灰黄街头,厂商D(磷酸铁锂）174Ah（500）+厂商E135kW
1097,Factory1,K3,WL0003,M0003,次高配,极地白-Y,2022-09-02,395,SOP,order1,op1,PR001066,EPR001066,排序,天幕,CX03,灰黄街头,厂商D(磷酸铁锂）174Ah（500）+厂商E135kW
1098,Factory1,K3,WL0003,M0003,次高配,极地白-Y,2022-09-02,396,SOP,order1,op1,PR001067,EPR001067,排序,天幕,CX03,灰黄街头,厂商D(磷酸铁锂）174Ah（500）+厂商E135kW
1099,Factory1,K3,WL0003,M0003,次高配,极地白-Y,2022-09-02,397,SOP,order1,op1,PR001068,EPR001068,排序,天幕,CX03,灰黄街头,厂商D(磷酸铁锂）174Ah（500）+厂商E135kW
1100,Factory1,K3,WL0003,M0003,次高配,极地白-Y,2022-09-02,398,SOP,order1,op1,PR001069,EPR001069,排序,天幕,CX03,灰黄街头,厂商D(磷酸铁锂）174Ah（500）+厂商E135kW
1101,Factory1,K3,WL0003,M0003,次高配,极地白-Y,2022-09-02,399,SOP,order1,op1,PR001070,EPR001070,排序,天幕,CX03,灰黄街头,厂商D(磷酸铁锂）174Ah（500）+厂商E135kW
1102,Factory1,K3,WL0003,M0003,次高配,极地白-Y,2022-09-02,400,SOP,order1,op1,PR001071,EPR001071,排序,天幕,CX03,灰黄街头,厂商D(磷酸铁锂）174Ah（500）+厂商E135kW
802,Factory1,K3,WL0003,M0003,次高配,极地白-Y,2022-09-02,100,SOP,order1,op1,PR000777,EPR000777,排序,天幕,CX03,灰黄街头,厂商D(磷酸铁锂）174Ah（500）+厂商E135kW
803,Factory1,K3,WL0003,M0003,次高配,极地白-Y,2022-09-02,101,SOP,order1,op1,PR000778,EPR000778,排序,天幕,CX03,灰黄街头,厂商D(磷酸铁锂）174Ah（500）+厂商E135kW
804,Factory1,K3,WL0003,M0003,次高配,极地白-Y,2022-09-02,102,SOP,order1,op1,PR000779,EPR000779,排序,天幕,CX03,灰黄街头,厂商D(磷酸铁锂）174Ah（500）+厂商E135kW
805,Factory1,K3,WL0003,M0003,次高配,极地白-Y,2022-09-02,103,SOP,order1,op1,PR000780,EPR000780,排序,天幕,CX03,灰黄街头,厂商D(磷酸铁锂）174Ah（500）+厂商E135kW
806,Factory1,K3,WL0003,M0003,次高配,极地白-Y,2022-09-02,104,SOP,order1,op1,PR000781,EPR000781,排序,天幕,CX03,灰黄街头,厂商D(磷酸铁锂）174Ah（500）+厂商E135kW
807,Factory1,K3,WL0003,M0003,次高配,极地白-Y,2022-09-02,105,SOP,order1,op1,PR000782,EPR000782,排序,天幕,CX03,灰黄街头,厂商D(磷酸铁锂）174Ah（500）+厂商E135kW
808,Factory1,K3,WL0003,M0003,次高配,极地白-Y,2022-09-02,106,SOP,order1,op1,PR000783,EPR000783,排序,天幕,CX03,灰黄街头,厂商D(磷酸铁锂）174Ah（500）+厂商E135kW
809,Factory1,K3,WL0003,M0003,次高配,极地白-Y,2022-09-02,107,SOP,order1,op1,PR000784,EPR000784,排序,天幕,CX03,灰黄街头,厂商D(磷酸铁锂）174Ah（500）+厂商E135kW
810,Factory1,K3,WL0003,M0003,次高配,极地白-Y,2022-09-02,108,SOP,order1,op1,PR000785,EPR000785,排序,天幕,CX03,清新马卡龙,厂商D(磷酸铁锂）174Ah（500）+厂商E135kW
811,Factory1,K3,WL0003,M0003,次高配,极地白-Y,2022-09-02,109,SOP,order1,op1,PR000786,EPR000786,排序,天幕,CX03,灰黄街头,厂商D(磷酸铁锂）174Ah（500）+厂商E135kW
812,Factory1,K3,WL0003,M0003,次高配,极地白-Y,2022-09-02,110,SOP,order1,op1,PR000787,EPR000787,排序,天幕,CX03,灰黄街头,厂商D(磷酸铁锂）174Ah（500）+厂商E135kW
813,Factory1,K3,WL0003,M0003,次高配,极地白-Y,2022-09-02,111,SOP,order1,op1,PR000788,EPR000788,排序,天幕,CX03,灰黄街头,厂商D(磷酸铁锂）174Ah（500）+厂商E135kW
814,Factory1,K3,WL0003,M0003,次高配,极地白-Y,2022-09-02,112,SOP,order1,op1,PR000789,EPR000789,排序,天幕,CX03,灰黄街头,厂商D(磷酸铁锂）174Ah（500）+厂商E135kW
815,Factory1,K3,WL0003,M0003,次高配,极地白-Y,2022-09-02,113,SOP,order1,op1,PR000790,EPR000790,排序,天幕,CX03,灰黄街头,厂商D(磷酸铁锂）174Ah（500）+厂商E135kW
816,Factory1,K3,WL0003,M0003,次高配,极地白-Y,2022-09-02,114,SOP,order1,op1,PR000791,EPR000791,排序,天幕,CX03,灰黄街头,厂商D(磷酸铁锂）174Ah（500）+厂商E135kW
817,Factory1,K3,WL0003,M0003,次高配,极地白-Y,2022-09-02,115,SOP,order1,op1,PR000792,EPR000792,排序,天幕,CX03,灰黄街头,厂商D(磷酸铁锂）174Ah（500）+厂商E135kW
818,Factory1,K3,WL0003,M0003,次高配,极地白-Y,2022-09-02,116,SOP,order1,op1,PR000793,EPR000793,排序,天幕,CX03,灰黄街头,厂商D(磷酸铁锂）174Ah（500）+厂商E135kW
819,Factory1,K3,WL0003,M0003,次高配,极地白-Y,2022-09-02,117,SOP,order1,op1,PR000794,EPR000794,排序,天幕,CX03,灰黄街头,厂商D(磷酸铁锂）174Ah（500）+厂商E135kW
820,Factory1,K3,WL0003,M0003,次高配,极地白-Y,2022-09-02,118,SOP,order1,op1,PR000795,EPR000795,排序,天幕,CX03,灰黄街头,厂商D(磷酸铁锂）174Ah（500）+厂商E135kW
821,Factory1,K3,WL0003,M0003,次高配,极地白-Y,2022-09-02,119,SOP,order1,op1,PR000796,EPR000796,排序,天幕,CX03,灰黄街头,厂商D(磷酸铁锂）174Ah（500）+厂商E135kW
822,Factory1,K3,WL0003,M0003,次高配,极地白-Y,2022-09-02,120,SOP,order1,op1,PR000797,EPR000797,排序,天幕,CX03,灰黄街头,厂商D(磷酸铁锂）174Ah（500）+厂商E135kW
823,Factory1,K3,WL0003,M0003,次高配,极地白-Y,2022-09-02,121,SOP,order1,op1,PR000798,EPR000798,排序,天幕,CX03,灰黄街头,厂商D(磷酸铁锂）174Ah（500）+厂商E135kW
824,Factory1,K3,WL0003,M0003,次高配,极地白-Y,2022-09-02,122,SOP,order1,op1,PR000799,EPR000799,排序,天幕,CX03,灰黄街头,厂商D(磷酸铁锂）174Ah（500）+厂商E135kW
825,Factory1,K3,WL0003,M0003,次高配,极地白-Y,2022-09-02,123,SOP,order1,op1,PR000800,EPR000800,排序,天幕,CX03,灰黄街头,厂商D(磷酸铁锂）174Ah（500）+厂商E135kW
826,Factory1,K3,WL0003,M0003,次高配,极地白-Y,2022-09-02,124,SOP,order1,op1,PR000801,EPR000801,排序,天幕,CX03,灰黄街头,厂商D(磷酸铁锂）174Ah（500）+厂商E135kW
827,Factory1,K3,WL0003,M0003,次高配,极地白-Y,2022-09-02,125,SOP,order1,op1,PR000802,EPR000802,排序,天幕,CX03,灰黄街头,厂商D(磷酸铁锂）174Ah（500）+厂商E135kW
828,Factory1,K3,WL0003,M0003,次高配,极地白-Y,2022-09-02,126,SOP,order1,op1,PR000803,EPR000803,排序,天幕,CX03,灰黄街头,厂商D(磷酸铁锂）174Ah（500）+厂商E135kW
829,Factory1,K3,WL0003,M0003,次高配,极地白-Y,2022-09-02,127,SOP,order1,op1,PR000804,EPR000804,排序,天幕,CX03,灰黄街头,厂商D(磷酸铁锂）174Ah（500）+厂商E135kW
830,Factory1,K3,WL0003,M0003,次高配,极地白-Y,2022-09-02,128,SOP,order1,op1,PR000805,EPR000805,排序,天幕,CX03,小逸奶茶,厂商D(磷酸铁锂）174Ah（500）+厂商E135kW
831,Factory1,K3,WL0003,M0003,次高配,极地白-Y,2022-09-02,129,SOP,order1,op1,PR000806,EPR000806,排序,天幕,CX03,灰黄街头,厂商D(磷酸铁锂）174Ah（500）+厂商E135kW
847,Factory1,K3,WL0003,M0020,顶配,极地白-Y,2022-09-02,145,SOP,order1,op1,PR000822,EPR000822,排序,天幕,CX16,灰黄街头,厂商A 218Ah（610）+厂商B76.8kWh+135kW
848,Factory1,K3,WL0013,M0021,顶配,极地白-Y,2022-09-02,146,SOP,order1,op1,PR000823,EPR000823,排序,天幕,CX16,灰黄街头,厂商A 218Ah（610）+厂商B76.8kWh+135kW
849,Factory1,K3,WL0013,M0021,顶配,极地白-Y,2022-09-02,147,SOP,order1,op1,PR000824,EPR000824,排序,天幕,CX16,灰黄街头,厂商A 218Ah（610）+厂商B76.8kWh+135kW
850,Factory1,K3,WL0013,M0021,顶配,极地白-Y,2022-09-02,148,SOP,order1,op1,PR000825,EPR000825,排序,天幕,CX16,灰黄街头,厂商A 218Ah（610）+厂商B76.8kWh+135kW
851,Factory1,K3,WL0013,M0021,顶配,极地白-Y,2022-09-02,149,SOP,order1,op1,PR000826,EPR000826,排序,天幕,CX16,灰黄街头,厂商A 218Ah（610）+厂商B76.8kWh+135kW
852,Factory1,K3,WL0013,M0021,顶配,极地白-Y,2022-09-02,150,SOP,order1,op1,PR000827,EPR000827,排序,天幕,CX16,灰黄街头,厂商A 218Ah（610）+厂商B76.8kWh+135kW
853,Factory1,K3,WL0013,M0021,顶配,极地白-Y,2022-09-02,151,SOP,order1,op1,PR000828,EPR000828,排序,天幕,CX16,灰黄街头,厂商A 218Ah（610）+厂商B76.8kWh+135kW
800,Factory1,K3,WL0003,M0004,次高配,极地白-Y,2022-09-02,98,SOP,order1,op1,PR000775,EPR000775,排序,天幕,CX04,灰黄街头,厂商A 218Ah（610）+厂商B76.8kWh+135kW
1114,Factory1,K3,WL0003,M0004,次高配,极地白-Y,2022-09-02,412,SOP,order1,op1,PR001083,EPR001083,排序,天幕,CX04,小逸奶茶,厂商A 218Ah（610）+厂商B76.8kWh+135kW
1115,Factory1,K3,WL0003,M0004,次高配,极地白-Y,2022-09-02,413,SOP,order1,op1,PR001084,EPR001084,排序,天幕,CX04,灰黄街头,厂商A 218Ah（610）+厂商B76.8kWh+135kW
1116,Factory1,K3,WL0003,M0004,次高配,极地白-Y,2022-09-02,414,SOP,order1,op1,PR001085,EPR001085,排序,天幕,CX04,灰黄街头,厂商A 218Ah（610）+厂商B76.8kWh+135kW
1117,Factory1,K3,WL0003,M0004,次高配,极地白-Y,2022-09-02,415,SOP,order1,op1,PR001086,EPR001086,排序,天幕,CX04,灰黄街头,厂商A 218Ah（610）+厂商B76.8kWh+135kW
1118,Factory1,K3,WL0003,M0004,次高配,极地白-Y,2022-09-02,416,SOP,order1,op1,PR001087,EPR001087,排序,天幕,CX04,灰黄街头,厂商A 218Ah（610）+厂商B76.8kWh+135kW
1103,Factory1,K3,WL0003,M0003,次高配,极地白-Y,2022-09-02,401,SOP,order1,op1,PR001072,EPR001072,排序,天幕,CX03,灰黄街头,厂商D(磷酸铁锂）174Ah（500）+厂商E135kW
1104,Factory1,K3,WL0003,M0003,次高配,极地白-Y,2022-09-02,402,SOP,order1,op1,PR001073,EPR001073,排序,天幕,CX03,灰黄街头,厂商D(磷酸铁锂）174Ah（500）+厂商E135kW
1105,Factory1,K3,WL0003,M0003,次高配,极地白-Y,2022-09-02,403,SOP,order1,op1,PR001074,EPR001074,排序,天幕,CX03,灰黄街头,厂商D(磷酸铁锂）174Ah（500）+厂商E135kW
1106,Factory1,K3,WL0003,M0003,次高配,极地白-Y,2022-09-02,404,SOP,order1,op1,PR001075,EPR001075,排序,天幕,CX03,灰黄街头,厂商D(磷酸铁锂）174Ah（500）+厂商E135kW
1107,Factory1,K3,WL0003,M0003,次高配,极地白-Y,2022-09-02,405,SOP,order1,op1,PR001076,EPR001076,排序,天幕,CX03,灰黄街头,厂商D(磷酸铁锂）174Ah（500）+厂商E135kW
1108,Factory1,K3,WL0003,M0003,次高配,极地白-Y,2022-09-02,406,SOP,order1,op1,PR001077,EPR001077,排序,天幕,CX03,灰黄街头,厂商D(磷酸铁锂）174Ah（500）+厂商E135kW
1109,Factory1,K3,WL0003,M0003,次高配,极地白-Y,2022-09-02,407,SOP,order1,op1,PR001078,EPR001078,排序,天幕,CX03,灰黄街头,厂商D(磷酸铁锂）174Ah（500）+厂商E135kW
1110,Factory1,K3,WL0003,M0003,次高配,极地白-Y,2022-09-02,408,SOP,order1,op1,PR001079,EPR001079,排序,天幕,CX03,灰黄街头,厂商D(磷酸铁锂）174Ah（500）+厂商E135kW
1111,Factory1,K3,WL0003,M0003,次高配,极地白-Y,2022-09-02,409,SOP,order1,op1,PR001080,EPR001080,排序,天幕,CX03,灰黄街头,厂商D(磷酸铁锂）174Ah（500）+厂商E135kW
1112,Factory1,K3,WL0003,M0003,次高配,极地白-Y,2022-09-02,410,SOP,order1,op1,PR001081,EPR001081,排序,天幕,CX03,灰黄街头,厂商D(磷酸铁锂）174Ah（500）+厂商E135kW
1113,Factory1,K3,WL0003,M0003,次高配,极地白-Y,2022-09-02,411,SOP,order1,op1,PR001082,EPR001082,排序,天幕,CX03,灰黄街头,厂商D(磷酸铁锂）174Ah（500）+厂商E135kW
1119,Factory1,K3,WL0003,M0003,次高配,极地白-Y,2022-09-02,417,SOP,order1,op1,PR001088,EPR001088,排序,天幕,CX03,灰黄街头,厂商D(磷酸铁锂）174Ah（500）+厂商E135kW
1120,Factory1,K3,WL0003,M0003,次高配,极地白-Y,2022-09-02,418,SOP,order1,op1,PR001089,EPR001089,排序,天幕,CX03,小逸奶茶,厂商D(磷酸铁锂）174Ah（500）+厂商E135kW
1121,Factory1,K3,WL0003,M0003,次高配,极地白-Y,2022-09-02,419,SOP,order1,op1,PR001090,EPR001090,排序,天幕,CX03,灰黄街头,厂商D(磷酸铁锂）174Ah（500）+厂商E135kW
1122,Factory1,K3,WL0003,M0003,次高配,极地白-Y,2022-09-02,420,SOP,order1,op1,PR001091,EPR001091,排序,天幕,CX03,灰黄街头,厂商D(磷酸铁锂）174Ah（500）+厂商E135kW
1123,Factory1,K3,WL0003,M0003,次高配,极地白-Y,2022-09-02,421,SOP,order1,op1,PR001092,EPR001092,排序,天幕,CX03,灰黄街头,厂商D(磷酸铁锂）174Ah（500）+厂商E135kW
1124,Factory1,K3,WL0003,M0003,次高配,极地白-Y,2022-09-02,422,SOP,order1,op1,PR001093,EPR001093,排序,天幕,CX03,灰黄街头,厂商D(磷酸铁锂）174Ah（500）+厂商E135kW
1125,Factory1,K3,WL0003,M0003,次高配,极地白-Y,2022-09-02,423,SOP,order1,op1,PR001094,EPR001094,排序,天幕,CX03,灰黄街头,厂商D(磷酸铁锂）174Ah（500）+厂商E135kW
1126,Factory1,K3,WL0003,M0003,次高配,极地白-Y,2022-09-02,424,SOP,order1,op1,PR001095,EPR001095,排序,天幕,CX03,灰黄街头,厂商D(磷酸铁锂）174Ah（500）+厂商E135kW
1127,Factory1,K3,WL0003,M0003,次高配,极地白-Y,2022-09-02,425,SOP,order1,op1,PR001096,EPR001096,排序,天幕,CX03,小逸奶茶,厂商D(磷酸铁锂）174Ah（500）+厂商E135kW
1128,Factory1,K3,WL0003,M0003,次高配,极地白-Y,2022-09-02,426,SOP,order1,op1,PR001097,EPR001097,排序,天幕,CX03,灰黄街头,厂商D(磷酸铁锂）174Ah（500）+厂商E135kW
1129,Factory1,K3,WL0003,M0003,次高配,极地白-Y,2022-09-02,427,SOP,order1,op1,PR001098,EPR001098,排序,天幕,CX03,灰黄街头,厂商D(磷酸铁锂）174Ah（500）+厂商E135kW
783,Factory1,K3,WL0003,M0003,次高配,幻光紫,2022-09-02,81,SOP,order1,op1,PR000758,EPR000758,排序,天幕,CX03,紫色主题,厂商D(磷酸铁锂）174Ah（500）+厂商E135kW
784,Factory1,K3,WL0003,M0003,次高配,幻光紫,2022-09-02,82,SOP,order1,op1,PR000759,EPR000759,排序,天幕,CX03,紫色主题,厂商D(磷酸铁锂）174Ah（500）+厂商E135kW
785,Factory1,K3,WL0003,M0003,次高配,幻光紫,2022-09-02,83,SOP,order1,op1,PR000760,EPR000760,排序,天幕,CX03,粉色主题,厂商D(磷酸铁锂）174Ah（500）+厂商E135kW
786,Factory1,K3,WL0003,M0003,次高配,幻光紫,2022-09-02,84,SOP,order1,op1,PR000761,EPR000761,排序,天幕,CX03,紫色主题,厂商D(磷酸铁锂）174Ah（500）+厂商E135kW
787,Factory1,K3,WL0003,M0003,次高配,幻光紫,2022-09-02,85,SOP,order1,op1,PR000762,EPR000762,排序,天幕,CX03,灰黄街头,厂商D(磷酸铁锂）174Ah（500）+厂商E135kW
788,Factory1,K3,WL0003,M0003,次高配,幻光紫,2022-09-02,86,SOP,order1,op1,PR000763,EPR000763,排序,天幕,CX03,灰黄街头,厂商D(磷酸铁锂）174Ah（500）+厂商E135kW
789,Factory1,K3,WL0003,M0003,次高配,幻光紫,2022-09-02,87,SOP,order1,op1,PR000764,EPR000764,排序,天幕,CX03,粉色主题,厂商D(磷酸铁锂）174Ah（500）+厂商E135kW
790,Factory1,K3,WL0003,M0003,次高配,幻光紫,2022-09-02,88,SOP,order1,op1,PR000765,EPR000765,排序,天幕,CX03,紫色主题,厂商D(磷酸铁锂）174Ah（500）+厂商E135kW
791,Factory1,K3,WL0003,M0003,次高配,幻光紫,2022-09-02,89,SOP,order1,op1,PR000766,EPR000766,排序,天幕,CX03,灰黄街头,厂商D(磷酸铁锂）174Ah（500）+厂商E135kW
792,Factory1,K3,WL0003,M0003,次高配,幻光紫,2022-09-02,90,SOP,order1,op1,PR000767,EPR000767,排序,天幕,CX03,灰黄街头,厂商D(磷酸铁锂）174Ah（500）+厂商E135kW
793,Factory1,K3,WL0003,M0003,次高配,幻光紫,2022-09-02,91,SOP,order1,op1,PR000768,EPR000768,排序,天幕,CX03,紫色主题,厂商D(磷酸铁锂）174Ah（500）+厂商E135kW
794,Factory1,K3,WL0003,M0003,次高配,幻光紫,2022-09-02,92,SOP,order1,op1,PR000769,EPR000769,排序,天幕,CX03,紫色主题,厂商D(磷酸铁锂）174Ah（500）+厂商E135kW
795,Factory1,K3,WL0003,M0003,次高配,幻光紫,2022-09-02,93,SOP,order1,op1,PR000770,EPR000770,排序,天幕,CX03,清新马卡龙,厂商D(磷酸铁锂）174Ah（500）+厂商E135kW
796,Factory1,K3,WL0003,M0003,次高配,幻光紫,2022-09-02,94,SOP,order1,op1,PR000771,EPR000771,排序,天幕,CX03,灰黄街头,厂商D(磷酸铁锂）174Ah（500）+厂商E135kW
797,Factory1,K3,WL0003,M0003,次高配,幻光紫,2022-09-02,95,SOP,order1,op1,PR000772,EPR000772,排序,天幕,CX03,灰黄街头,厂商D(磷酸铁锂）174Ah（500）+厂商E135kW
798,Factory1,K3,WL0003,M0003,次高配,幻光紫,2022-09-02,96,SOP,order1,op1,PR000773,EPR000773,排序,天幕,CX03,紫色主题,厂商D(磷酸铁锂）174Ah（500）+厂商E135kW
1001,Factory1,K3,WL0003,M0003,次高配,幻光紫,2022-09-02,299,SOP,order1,op1,PR000970,EPR000970,排序,天幕,CX03,灰黄街头,厂商D(磷酸铁锂）174Ah（500）+厂商E135kW
1002,Factory1,K3,WL0003,M0003,次高配,幻光紫,2022-09-02,300,SOP,order1,op1,PR000971,EPR000971,排序,天幕,CX03,紫色主题,厂商D(磷酸铁锂）174Ah（500）+厂商E135kW
1003,Factory1,K3,WL0003,M0003,次高配,幻光紫,2022-09-02,301,SOP,order1,op1,PR000972,EPR000972,排序,天幕,CX03,紫色主题,厂商D(磷酸铁锂）174Ah（500）+厂商E135kW
1004,Factory1,K3,WL0003,M0003,次高配,幻光紫,2022-09-02,302,SOP,order1,op1,PR000973,EPR000973,排序,天幕,CX03,灰黄街头,厂商D(磷酸铁锂）174Ah（500）+厂商E135kW
1005,Factory1,K3,WL0003,M0003,次高配,幻光紫,2022-09-02,303,SOP,order1,op1,PR000974,EPR000974,排序,天幕,CX03,粉色主题,厂商D(磷酸铁锂）174Ah（500）+厂商E135kW
1006,Factory1,K3,WL0003,M0003,次高配,幻光紫,2022-09-02,304,SOP,order1,op1,PR000975,EPR000975,排序,天幕,CX03,灰黄街头,厂商D(磷酸铁锂）174Ah（500）+厂商E135kW
799,Factory1,K3,WL0003,M0004,次高配,幻光紫,2022-09-02,97,SOP,order1,op1,PR000774,EPR000774,排序,天幕,CX04,紫色主题,厂商A 218Ah（610）+厂商B76.8kWh+135kW
857,Factory1,K3,WL0003,M0004,次高配,天青色-Y,2022-09-02,155,SOP,order1,op1,PR000832,EPR000832,排序,天幕,CX04,清新马卡龙,厂商A 218Ah（610）+厂商B76.8kWh+135kW
866,Factory1,K3,WL0003,M0003,次高配,天青色-Y,2022-09-02,164,SOP,order1,op1,PR000841,EPR000841,排序,天幕,CX03,灰黄街头,厂商D(磷酸铁锂）174Ah（500）+厂商E135kW
867,Factory1,K3,WL0003,M0003,次高配,天青色-Y,2022-09-02,165,SOP,order1,op1,PR000842,EPR000842,排序,天幕,CX03,灰黄街头,厂商D(磷酸铁锂）174Ah（500）+厂商E135kW
868,Factory1,K3,WL0003,M0003,次高配,天青色-Y,2022-09-02,166,SOP,order1,op1,PR000843,EPR000843,排序,天幕,CX03,灰黄街头,厂商D(磷酸铁锂）174Ah（500）+厂商E135kW
869,Factory1,K3,WL0003,M0003,次高配,天青色-Y,2022-09-02,167,SOP,order1,op1,PR000844,EPR000844,排序,天幕,CX03,灰黄街头,厂商D(磷酸铁锂）174Ah（500）+厂商E135kW
870,Factory1,K3,WL0003,M0003,次高配,天青色-Y,2022-09-02,168,SOP,order1,op1,PR000845,EPR000845,排序,天幕,CX03,灰黄街头,厂商D(磷酸铁锂）174Ah（500）+厂商E135kW
871,Factory1,K3,WL0003,M0003,次高配,天青色-Y,2022-09-02,169,SOP,order1,op1,PR000846,EPR000846,排序,天幕,CX03,清新马卡龙,厂商D(磷酸铁锂）174Ah（500）+厂商E135kW
872,Factory1,K3,WL0003,M0003,次高配,天青色-Y,2022-09-02,170,SOP,order1,op1,PR000847,EPR000847,排序,天幕,CX03,灰黄街头,厂商D(磷酸铁锂）174Ah（500）+厂商E135kW
873,Factory1,K3,WL0003,M0003,次高配,天青色-Y,2022-09-02,171,SOP,order1,op1,PR000848,EPR000848,排序,天幕,CX03,灰黄街头,厂商D(磷酸铁锂）174Ah（500）+厂商E135kW
874,Factory1,K3,WL0003,M0003,次高配,天青色-Y,2022-09-02,172,SOP,order1,op1,PR000849,EPR000849,排序,天幕,CX03,灰黄街头,厂商D(磷酸铁锂）174Ah（500）+厂商E135kW
875,Factory1,K3,WL0003,M0003,次高配,天青色-Y,2022-09-02,173,SOP,order1,op1,PR000850,EPR000850,排序,天幕,CX03,灰黄街头,厂商D(磷酸铁锂）174Ah（500）+厂商E135kW
876,Factory1,K3,WL0003,M0003,次高配,天青色-Y,2022-09-02,174,SOP,order1,op1,PR000851,EPR000851,排序,天幕,CX03,清新马卡龙,厂商D(磷酸铁锂）174Ah（500）+厂商E135kW
877,Factory1,K3,WL0003,M0003,次高配,天青色-Y,2022-09-02,175,SOP,order1,op1,PR000852,EPR000852,排序,天幕,CX03,清新马卡龙,厂商D(磷酸铁锂）174Ah（500）+厂商E135kW
878,Factory1,K3,WL0003,M0003,次高配,天青色-Y,2022-09-02,176,SOP,order1,op1,PR000853,EPR000853,排序,天幕,CX03,清新马卡龙,厂商D(磷酸铁锂）174Ah（500）+厂商E135kW
879,Factory1,K3,WL0003,M0003,次高配,天青色-Y,2022-09-02,177,SOP,order1,op1,PR000854,EPR000854,排序,天幕,CX03,清新马卡龙,厂商D(磷酸铁锂）174Ah（500）+厂商E135kW
880,Factory1,K3,WL0003,M0003,次高配,天青色-Y,2022-09-02,178,SOP,order1,op1,PR000855,EPR000855,排序,天幕,CX03,灰黄街头,厂商D(磷酸铁锂）174Ah（500）+厂商E135kW
881,Factory1,K3,WL0003,M0003,次高配,天青色-Y,2022-09-02,179,SOP,order1,op1,PR000856,EPR000856,排序,天幕,CX03,灰黄街头,厂商D(磷酸铁锂）174Ah（500）+厂商E135kW
882,Factory1,K3,WL0003,M0003,次高配,天青色-Y,2022-09-02,180,SOP,order1,op1,PR000857,EPR000857,排序,天幕,CX03,灰黄街头,厂商D(磷酸铁锂）174Ah（500）+厂商E135kW
858,Factory1,K3,WL0003,M0020,顶配,天青色-Y,2022-09-02,156,SOP,order1,op1,PR000833,EPR000833,排序,天幕,CX16,粉色主题,厂商A 218Ah（610）+厂商B76.8kWh+135kW
859,Factory1,K3,WL0015,M0023,顶配,天青色-Y,2022-09-02,157,SOP,order1,op1,PR000834,EPR000834,排序,天幕,CX16,灰黄街头,厂商A 218Ah（610）+厂商B76.8kWh+135kW
860,Factory1,K3,WL0015,M0023,顶配,天青色-Y,2022-09-02,158,SOP,order1,op1,PR000835,EPR000835,排序,天幕,CX16,灰黄街头,厂商A 218Ah（610）+厂商B76.8kWh+135kW
861,Factory1,K3,WL0015,M0023,顶配,天青色-Y,2022-09-02,159,SOP,order1,op1,PR000836,EPR000836,排序,天幕,CX16,灰黄街头,厂商A 218Ah（610）+厂商B76.8kWh+135kW
862,Factory1,K3,WL0016,M0024,顶配,天青色-Y,2022-09-02,160,SOP,order1,op1,PR000837,EPR000837,排序,天幕,CX16,清新马卡龙,厂商A 218Ah（610）+厂商B76.8kWh+135kW
863,Factory1,K3,WL0016,M0024,顶配,天青色-Y,2022-09-02,161,SOP,order1,op1,PR000838,EPR000838,排序,天幕,CX16,清新马卡龙,厂商A 218Ah（610）+厂商B76.8kWh+135kW
864,Factory1,K3,WL0016,M0024,顶配,天青色-Y,2022-09-02,162,SOP,order1,op1,PR000839,EPR000839,排序,天幕,CX16,清新马卡龙,厂商A 218Ah（610）+厂商B76.8kWh+135kW
865,Factory1,K3,WL0016,M0024,顶配,天青色-Y,2022-09-02,163,SOP,order1,op1,PR000840,EPR000840,排序,天幕,CX16,清新马卡龙,厂商A 218Ah（610）+厂商B76.8kWh+135kW
984,Factory1,K3,WL0003,M0020,顶配,天青色,2022-09-02,282,SOP,order1,op1,PR000953,EPR000953,排序,整体式全景天窗,CX16,灰黄街头,厂商A 218Ah（610）+厂商B76.8kWh+135kW
983,Factory1,K3,WL0003,M0004,次高配,天青色-Y,2022-09-02,281,SOP,order1,op1,PR000952,EPR000952,排序,整体式全景天窗,CX04,清新马卡龙,厂商A 218Ah（610）+厂商B76.8kWh+135kW
975,Factory1,K3,WL0003,M0003,次高配,天青色-Y,2022-09-02,273,SOP,order1,op1,PR000944,EPR000944,排序,整体式全景天窗,CX03,清新马卡龙,厂商D(磷酸铁锂）174Ah（500）+厂商E135kW
976,Factory1,K3,WL0003,M0003,次高配,天青色-Y,2022-09-02,274,SOP,order1,op1,PR000945,EPR000945,排序,整体式全景天窗,CX03,灰黄街头,厂商D(磷酸铁锂）174Ah（500）+厂商E135kW
977,Factory1,K3,WL0003,M0003,次高配,天青色-Y,2022-09-02,275,SOP,order1,op1,PR000946,EPR000946,排序,整体式全景天窗,CX03,清新马卡龙,厂商D(磷酸铁锂）174Ah（500）+厂商E135kW
978,Factory1,K3,WL0003,M0003,次高配,天青色-Y,2022-09-02,276,SOP,order1,op1,PR000947,EPR000947,排序,整体式全景天窗,CX03,灰黄街头,厂商D(磷酸铁锂）174Ah（500）+厂商E135kW
979,Factory1,K3,WL0003,M0003,次高配,天青色-Y,2022-09-02,277,SOP,order1,op1,PR000948,EPR000948,排序,整体式全景天窗,CX03,灰黄街头,厂商D(磷酸铁锂）174Ah（500）+厂商E135kW
980,Factory1,K3,WL0003,M0003,次高配,天青色-Y,2022-09-02,278,SOP,order1,op1,PR000949,EPR000949,排序,整体式全景天窗,CX03,灰黄街头,厂商D(磷酸铁锂）174Ah（500）+厂商E135kW
981,Factory1,K3,WL0003,M0003,次高配,天青色-Y,2022-09-02,279,SOP,order1,op1,PR000950,EPR000950,排序,整体式全景天窗,CX03,清新马卡龙,厂商D(磷酸铁锂）174Ah（500）+厂商E135kW
982,Factory1,K3,WL0003,M0003,次高配,天青色-Y,2022-09-02,280,SOP,order1,op1,PR000951,EPR000951,排序,整体式全景天窗,CX03,灰黄街头,厂商D(磷酸铁锂）174Ah（500）+厂商E135kW
933,Factory1,K3,WL0003,M0003,次高配,黑/天青色-Y,2022-09-02,231,SOP,order1,op1,PR000902,EPR000902,排序,整体式全景天窗,CX03,紫色主题,厂商D(磷酸铁锂）174Ah（500）+厂商E135kW
950,Factory1,K3,WL0003,M0003,次高配,极地白-Y,2022-09-02,248,SOP,order1,op1,PR000919,EPR000919,排序,整体式全景天窗,CX03,灰黄街头,厂商D(磷酸铁锂）174Ah（500）+厂商E135kW
951,Factory1,K3,WL0003,M0003,次高配,极地白-Y,2022-09-02,249,SOP,order1,op1,PR000920,EPR000920,排序,整体式全景天窗,CX03,灰黄街头,厂商D(磷酸铁锂）174Ah（500）+厂商E135kW
952,Factory1,K3,WL0003,M0003,次高配,极地白-Y,2022-09-02,250,SOP,order1,op1,PR000921,EPR000921,排序,整体式全景天窗,CX03,清新马卡龙,厂商D(磷酸铁锂）174Ah（500）+厂商E135kW
953,Factory1,K3,WL0003,M0003,次高配,极地白-Y,2022-09-02,251,SOP,order1,op1,PR000922,EPR000922,排序,整体式全景天窗,CX03,灰黄街头,厂商D(磷酸铁锂）174Ah（500）+厂商E135kW
954,Factory1,K3,WL0003,M0003,次高配,极地白-Y,2022-09-02,252,SOP,order1,op1,PR000923,EPR000923,排序,整体式全景天窗,CX03,灰黄街头,厂商D(磷酸铁锂）174Ah（500）+厂商E135kW
955,Factory1,K3,WL0003,M0003,次高配,极地白-Y,2022-09-02,253,SOP,order1,op1,PR000924,EPR000924,排序,整体式全景天窗,CX03,灰黄街头,厂商D(磷酸铁锂）174Ah（500）+厂商E135kW
956,Factory1,K3,WL0003,M0003,次高配,极地白-Y,2022-09-02,254,SOP,order1,op1,PR000925,EPR000925,排序,整体式全景天窗,CX03,灰黄街头,厂商D(磷酸铁锂）174Ah（500）+厂商E135kW
957,Factory1,K3,WL0003,M0003,次高配,极地白-Y,2022-09-02,255,SOP,order1,op1,PR000926,EPR000926,排序,整体式全景天窗,CX03,灰黄街头,厂商D(磷酸铁锂）174Ah（500）+厂商E135kW
958,Factory1,K3,WL0003,M0003,次高配,极地白-Y,2022-09-02,256,SOP,order1,op1,PR000927,EPR000927,排序,整体式全景天窗,CX03,灰黄街头,厂商D(磷酸铁锂）174Ah（500）+厂商E135kW
959,Factory1,K3,WL0003,M0003,次高配,极地白-Y,2022-09-02,257,SOP,order1,op1,PR000928,EPR000928,排序,整体式全景天窗,CX03,灰黄街头,厂商D(磷酸铁锂）174Ah（500）+厂商E135kW
960,Factory1,K3,WL0003,M0003,次高配,极地白-Y,2022-09-02,258,SOP,order1,op1,PR000929,EPR000929,排序,整体式全景天窗,CX03,灰黄街头,厂商D(磷酸铁锂）174Ah（500）+厂商E135kW
961,Factory1,K3,WL0003,M0003,次高配,极地白-Y,2022-09-02,259,SOP,order1,op1,PR000930,EPR000930,排序,整体式全景天窗,CX03,灰黄街头,厂商D(磷酸铁锂）174Ah（500）+厂商E135kW
962,Factory1,K3,WL0003,M0003,次高配,极地白-Y,2022-09-02,260,SOP,order1,op1,PR000931,EPR000931,排序,整体式全景天窗,CX03,小逸奶茶,厂商D(磷酸铁锂）174Ah（500）+厂商E135kW
963,Factory1,K3,WL0003,M0003,次高配,极地白-Y,2022-09-02,261,SOP,order1,op1,PR000932,EPR000932,排序,整体式全景天窗,CX03,灰黄街头,厂商D(磷酸铁锂）174Ah（500）+厂商E135kW
964,Factory1,K3,WL0003,M0003,次高配,极地白-Y,2022-09-02,262,SOP,order1,op1,PR000933,EPR000933,排序,整体式全景天窗,CX03,灰黄街头,厂商D(磷酸铁锂）174Ah（500）+厂商E135kW
965,Factory1,K3,WL0003,M0003,次高配,极地白-Y,2022-09-02,263,SOP,order1,op1,PR000934,EPR000934,排序,整体式全景天窗,CX03,灰黄街头,厂商D(磷酸铁锂）174Ah（500）+厂商E135kW
966,Factory1,K3,WL0003,M0003,次高配,极地白-Y,2022-09-02,264,SOP,order1,op1,PR000935,EPR000935,排序,整体式全景天窗,CX03,灰黄街头,厂商D(磷酸铁锂）174Ah（500）+厂商E135kW
967,Factory1,K3,WL0003,M0003,次高配,极地白-Y,2022-09-02,265,SOP,order1,op1,PR000936,EPR000936,排序,整体式全景天窗,CX03,灰黄街头,厂商D(磷酸铁锂）174Ah（500）+厂商E135kW
968,Factory1,K3,WL0003,M0003,次高配,极地白-Y,2022-09-02,266,SOP,order1,op1,PR000937,EPR000937,排序,整体式全景天窗,CX03,灰黄街头,厂商D(磷酸铁锂）174Ah（500）+厂商E135kW
969,Factory1,K3,WL0003,M0003,次高配,极地白-Y,2022-09-02,267,SOP,order1,op1,PR000938,EPR000938,排序,整体式全景天窗,CX03,灰黄街头,厂商D(磷酸铁锂）174Ah（500）+厂商E135kW
970,Factory1,K3,WL0003,M0003,次高配,极地白,2022-09-02,268,SOP,order1,op1,PR000939,EPR000939,排序,整体式全景天窗,CX03,灰黄街头,厂商D(磷酸铁锂）174Ah（500）+厂商E135kW
971,Factory1,K3,WL0003,M0003,次高配,极地白,2022-09-02,269,SOP,order1,op1,PR000940,EPR000940,排序,整体式全景天窗,CX03,灰黄街头,厂商D(磷酸铁锂）174Ah（500）+厂商E135kW
972,Factory1,K3,WL0003,M0003,次高配,极地白,2022-09-02,270,SOP,order1,op1,PR000941,EPR000941,排序,整体式全景天窗,CX03,灰黄街头,厂商D(磷酸铁锂）174Ah（500）+厂商E135kW
973,Factory1,K3,WL0003,M0003,次高配,极地白,2022-09-02,271,SOP,order1,op1,PR000942,EPR000942,排序,整体式全景天窗,CX03,灰黄街头,厂商D(磷酸铁锂）174Ah（500）+厂商E135kW
974,Factory1,K3,WL0003,M0003,次高配,极地白,2022-09-02,272,SOP,order1,op1,PR000943,EPR000943,排序,整体式全景天窗,CX03,灰黄街头,厂商D(磷酸铁锂）174Ah（500）+厂商E135kW
1023,Factory1,K3,WL0003,M0003,次高配,极地白-Y,2022-09-02,321,SOP,order1,op1,PR000992,EPR000992,排序,整体式全景天窗,CX03,灰黄街头,厂商D(磷酸铁锂）174Ah（500）+厂商E135kW
947,Factory1,K3,WL0003,M0004,次高配,极地白-Y,2022-09-02,245,SOP,order1,op1,PR000916,EPR000916,排序,整体式全景天窗,CX04,灰黄街头,厂商A 218Ah（610）+厂商B76.8kWh+135kW
948,Factory1,K3,WL0003,M0004,次高配,极地白-Y,2022-09-02,246,SOP,order1,op1,PR000917,EPR000917,排序,整体式全景天窗,CX04,灰黄街头,厂商A 218Ah（610）+厂商B76.8kWh+135kW
949,Factory1,K3,WL0003,M0004,次高配,极地白-Y,2022-09-02,247,SOP,order1,op1,PR000918,EPR000918,排序,整体式全景天窗,CX04,灰黄街头,厂商A 218Ah（610）+厂商B76.8kWh+135kW
987,Factory1,K3,WL0003,M0003,次高配,星漫绿,2022-09-02,285,SOP,order1,op1,PR000956,EPR000956,排序,整体式全景天窗,CX03,灰黄街头,厂商D(磷酸铁锂）174Ah（500）+厂商E135kW
988,Factory1,K3,WL0003,M0003,次高配,星漫绿,2022-09-02,286,SOP,order1,op1,PR000957,EPR000957,排序,整体式全景天窗,CX03,灰黄街头,厂商D(磷酸铁锂）174Ah（500）+厂商E135kW
989,Factory1,K3,WL0003,M0003,次高配,星漫绿,2022-09-02,287,SOP,order1,op1,PR000958,EPR000958,排序,整体式全景天窗,CX03,灰黄街头,厂商D(磷酸铁锂）174Ah（500）+厂商E135kW
990,Factory1,K3,WL0003,M0003,次高配,星漫绿,2022-09-02,288,SOP,order1,op1,PR000959,EPR000959,排序,整体式全景天窗,CX03,灰黄街头,厂商D(磷酸铁锂）174Ah（500）+厂商E135kW
991,Factory1,K3,WL0003,M0003,次高配,星漫绿,2022-09-02,289,SOP,order1,op1,PR000960,EPR000960,排序,整体式全景天窗,CX03,灰黄街头,厂商D(磷酸铁锂）174Ah（500）+厂商E135kW
992,Factory1,K3,WL0003,M0003,次高配,星漫绿,2022-09-02,290,SOP,order1,op1,PR000961,EPR000961,排序,整体式全景天窗,CX03,灰黄街头,厂商D(磷酸铁锂）174Ah（500）+厂商E135kW
993,Factory1,K3,WL0003,M0003,次高配,星漫绿,2022-09-02,291,SOP,order1,op1,PR000962,EPR000962,排序,整体式全景天窗,CX03,小逸奶茶,厂商D(磷酸铁锂）174Ah（500）+厂商E135kW
994,Factory1,K3,WL0003,M0003,次高配,星漫绿,2022-09-02,292,SOP,order1,op1,PR000963,EPR000963,排序,整体式全景天窗,CX03,灰黄街头,厂商D(磷酸铁锂）174Ah（500）+厂商E135kW
995,Factory1,K3,WL0003,M0003,次高配,星漫绿,2022-09-02,293,SOP,order1,op1,PR000964,EPR000964,排序,整体式全景天窗,CX03,灰黄街头,厂商D(磷酸铁锂）174Ah（500）+厂商E135kW
996,Factory1,K3,WL0003,M0003,次高配,星漫绿,2022-09-02,294,SOP,order1,op1,PR000965,EPR000965,排序,整体式全景天窗,CX03,灰黄街头,厂商D(磷酸铁锂）174Ah（500）+厂商E135kW
997,Factory1,K3,WL0003,M0003,次高配,星漫绿,2022-09-02,295,SOP,order1,op1,PR000966,EPR000966,排序,整体式全景天窗,CX03,灰黄街头,厂商D(磷酸铁锂）174Ah（500）+厂商E135kW
998,Factory1,K3,WL0003,M0003,次高配,星漫绿,2022-09-02,296,SOP,order1,op1,PR000967,EPR000967,排序,整体式全景天窗,CX03,灰黄街头,厂商D(磷酸铁锂）174Ah（500）+厂商E135kW
999,Factory1,K3,WL0003,M0003,次高配,星漫绿,2022-09-02,297,SOP,order1,op1,PR000968,EPR000968,排序,整体式全景天窗,CX03,紫色主题,厂商D(磷酸铁锂）174Ah（500）+厂商E135kW
1000,Factory1,K3,WL0003,M0003,次高配,星漫绿,2022-09-02,298,SOP,order1,op1,PR000969,EPR000969,排序,整体式全景天窗,CX03,灰黄街头,厂商D(磷酸铁锂）174Ah（500）+厂商E135kW
985,Factory1,K3,WL0003,M0004,次高配,星漫绿,2022-09-02,283,SOP,order1,op1,PR000954,EPR000954,排序,整体式全景天窗,CX04,灰黄街头,厂商A 218Ah（610）+厂商B76.8kWh+135kW
986,Factory1,K3,WL0003,M0004,次高配,星漫绿,2022-09-02,284,SOP,order1,op1,PR000955,EPR000955,排序,整体式全景天窗,CX04,灰黄街头,厂商A 218Ah（610）+厂商B76.8kWh+135kW
946,Factory1,K3,WL0003,M0004,次高配,幻光紫,2022-09-02,244,SOP,order1,op1,PR000915,EPR000915,排序,整体式全景天窗,CX04,紫色主题,厂商A 218Ah（610）+厂商B76.8kWh+135kW
934,Factory1,K3,WL0003,M0003,次高配,幻光紫,2022-09-02,232,SOP,order1,op1,PR000903,EPR000903,排序,整体式全景天窗,CX03,灰黄街头,厂商D(磷酸铁锂）174Ah（500）+厂商E135kW
935,Factory1,K3,WL0003,M0003,次高配,幻光紫,2022-09-02,233,SOP,order1,op1,PR000904,EPR000904,排序,整体式全景天窗,CX03,灰黄街头,厂商D(磷酸铁锂）174Ah（500）+厂商E135kW
936,Factory1,K3,WL0003,M0003,次高配,幻光紫,2022-09-02,234,SOP,order1,op1,PR000905,EPR000905,排序,整体式全景天窗,CX03,紫色主题,厂商D(磷酸铁锂）174Ah（500）+厂商E135kW
937,Factory1,K3,WL0003,M0003,次高配,幻光紫,2022-09-02,235,SOP,order1,op1,PR000906,EPR000906,排序,整体式全景天窗,CX03,灰黄街头,厂商D(磷酸铁锂）174Ah（500）+厂商E135kW
938,Factory1,K3,WL0003,M0003,次高配,幻光紫,2022-09-02,236,SOP,order1,op1,PR000907,EPR000907,排序,整体式全景天窗,CX03,紫色主题,厂商D(磷酸铁锂）174Ah（500）+厂商E135kW
939,Factory1,K3,WL0003,M0003,次高配,幻光紫,2022-09-02,237,SOP,order1,op1,PR000908,EPR000908,排序,整体式全景天窗,CX03,紫色主题,厂商D(磷酸铁锂）174Ah（500）+厂商E135kW
940,Factory1,K3,WL0003,M0003,次高配,幻光紫,2022-09-02,238,SOP,order1,op1,PR000909,EPR000909,排序,整体式全景天窗,CX03,小逸奶茶,厂商D(磷酸铁锂）174Ah（500）+厂商E135kW
941,Factory1,K3,WL0003,M0003,次高配,幻光紫,2022-09-02,239,SOP,order1,op1,PR000910,EPR000910,排序,整体式全景天窗,CX03,粉色主题,厂商D(磷酸铁锂）174Ah（500）+厂商E135kW
942,Factory1,K3,WL0003,M0003,次高配,幻光紫,2022-09-02,240,SOP,order1,op1,PR000911,EPR000911,排序,整体式全景天窗,CX03,紫色主题,厂商D(磷酸铁锂）174Ah（500）+厂商E135kW
943,Factory1,K3,WL0003,M0003,次高配,幻光紫,2022-09-02,241,SOP,order1,op1,PR000912,EPR000912,排序,整体式全景天窗,CX03,紫色主题,厂商D(磷酸铁锂）174Ah（500）+厂商E135kW
944,Factory1,K3,WL0003,M0003,次高配,幻光紫,2022-09-02,242,SOP,order1,op1,PR000913,EPR000913,排序,整体式全景天窗,CX03,灰黄街头,厂商D(磷酸铁锂）174Ah（500）+厂商E135kW
945,Factory1,K3,WL0003,M0003,次高配,幻光紫-Y,2022-09-02,243,SOP,order1,op1,PR000914,EPR000914,排序,整体式全景天窗,CX03,紫色主题,厂商D(磷酸铁锂）174Ah（500）+厂商E135kW
1024,Factory1,K3,WL0003,M0003,次高配,幻光紫,2022-09-02,322,SOP,order1,op1,PR000993,EPR000993,排序,整体式全景天窗,CX03,紫色主题,厂商D(磷酸铁锂）174Ah（500）+厂商E135kW
1025,Factory1,K3,WL0003,M0003,次高配,幻光紫,2022-09-02,323,SOP,order1,op1,PR000994,EPR000994,排序,整体式全景天窗,CX03,灰黄街头,厂商D(磷酸铁锂）174Ah（500）+厂商E135kW
1026,Factory1,K3,WL0003,M0003,次高配,幻光紫,2022-09-02,324,SOP,order1,op1,PR000995,EPR000995,排序,整体式全景天窗,CX03,小逸奶茶,厂商D(磷酸铁锂）174Ah（500）+厂商E135kW
1027,Factory1,K3,WL0003,M0003,次高配,幻光紫,2022-09-02,325,SOP,order1,op1,PR000996,EPR000996,排序,整体式全景天窗,CX03,紫色主题,厂商D(磷酸铁锂）174Ah（500）+厂商E135kW
1028,Factory1,K3,WL0003,M0003,次高配,幻光紫,2022-09-02,326,SOP,order1,op1,PR000997,EPR000997,排序,整体式全景天窗,CX03,灰黄街头,厂商D(磷酸铁锂）174Ah（500）+厂商E135kW
1007,Factory1,K3,WL0003,M0003,次高配,幻光紫,2022-09-02,305,SOP,order1,op1,PR000976,EPR000976,排序,天幕,CX03,紫色主题,厂商D(磷酸铁锂）174Ah（500）+厂商E135kW
1008,Factory1,K3,WL0003,M0003,次高配,幻光紫,2022-09-02,306,SOP,order1,op1,PR000977,EPR000977,排序,天幕,CX03,紫色主题,厂商D(磷酸铁锂）174Ah（500）+厂商E135kW
1009,Factory1,K3,WL0003,M0003,次高配,幻光紫,2022-09-02,307,SOP,order1,op1,PR000978,EPR000978,排序,天幕,CX03,紫色主题,厂商D(磷酸铁锂）174Ah（500）+厂商E135kW
1010,Factory1,K3,WL0003,M0003,次高配,幻光紫,2022-09-02,308,SOP,order1,op1,PR000979,EPR000979,排序,天幕,CX03,紫色主题,厂商D(磷酸铁锂）174Ah（500）+厂商E135kW
1011,Factory1,K3,WL0003,M0003,次高配,幻光紫,2022-09-02,309,SOP,order1,op1,PR000980,EPR000980,排序,天幕,CX03,小逸奶茶,厂商D(磷酸铁锂）174Ah（500）+厂商E135kW
1012,Factory1,K3,WL0003,M0003,次高配,幻光紫,2022-09-02,310,SOP,order1,op1,PR000981,EPR000981,排序,天幕,CX03,粉色主题,厂商D(磷酸铁锂）174Ah（500）+厂商E135kW
1013,Factory1,K3,WL0003,M0003,次高配,幻光紫,2022-09-02,311,SOP,order1,op1,PR000982,EPR000982,排序,天幕,CX03,紫色主题,厂商D(磷酸铁锂）174Ah（500）+厂商E135kW
1014,Factory1,K3,WL0003,M0003,次高配,幻光紫,2022-09-02,312,SOP,order1,op1,PR000983,EPR000983,排序,天幕,CX03,灰黄街头,厂商D(磷酸铁锂）174Ah（500）+厂商E135kW
1015,Factory1,K3,WL0003,M0003,次高配,幻光紫,2022-09-02,313,SOP,order1,op1,PR000984,EPR000984,排序,天幕,CX03,紫色主题,厂商D(磷酸铁锂）174Ah（500）+厂商E135kW
1016,Factory1,K3,WL0003,M0003,次高配,幻光紫,2022-09-02,314,SOP,order1,op1,PR000985,EPR000985,排序,天幕,CX03,紫色主题,厂商D(磷酸铁锂）174Ah（500）+厂商E135kW
1017,Factory1,K3,WL0003,M0003,次高配,幻光紫,2022-09-02,315,SOP,order1,op1,PR000986,EPR000986,排序,天幕,CX03,粉色主题,厂商D(磷酸铁锂）174Ah（500）+厂商E135kW
1018,Factory1,K3,WL0003,M0003,次高配,幻光紫,2022-09-02,316,SOP,order1,op1,PR000987,EPR000987,排序,天幕,CX03,紫色主题,厂商D(磷酸铁锂）174Ah（500）+厂商E135kW
1019,Factory1,K3,WL0003,M0003,次高配,幻光紫,2022-09-02,317,SOP,order1,op1,PR000988,EPR000988,排序,天幕,CX03,紫色主题,厂商D(磷酸铁锂）174Ah（500）+厂商E135kW
1020,Factory1,K3,WL0003,M0003,次高配,幻光紫-Y,2022-09-02,318,SOP,order1,op1,PR000989,EPR000989,排序,天幕,CX03,紫色主题,厂商D(磷酸铁锂）174Ah（500）+厂商E135kW
1021,Factory1,K3,WL0003,M0003,次高配,幻光紫-Y,2022-09-02,319,SOP,order1,op1,PR000990,EPR000990,排序,天幕,CX03,紫色主题,厂商D(磷酸铁锂）174Ah（500）+厂商E135kW
758,Factory1,K1,WL0001,M0001,高配,幻光紫,2022-09-02,56,SOP,order1,op1,PR000733,EPR000733,排序,天幕,CX01,角逐之夜,厂商A+厂商B 80kWh+165kW
759,Factory1,K1,WL0001,M0001,高配,幻光紫,2022-09-02,57,SOP,order1,op1,PR000734,EPR000734,排序,天幕,CX01,橙灰蜃影,厂商A+厂商B 80kWh+165kW
760,Factory1,K1,WL0001,M0001,高配,幻光紫,2022-09-02,58,SOP,order1,op1,PR000735,EPR000735,排序,天幕,CX01,元气空间,厂商A+厂商B 80kWh+165kW
761,Factory1,K1,WL0001,M0001,高配,幻光紫,2022-09-02,59,SOP,order1,op1,PR000736,EPR000736,排序,天幕,CX01,角逐之夜,厂商A+厂商B 80kWh+165kW
762,Factory1,K1,WL0001,M0001,高配,幻光紫,2022-09-02,60,SOP,order1,op1,PR000737,EPR000737,排序,天幕,CX01,角逐之夜,厂商A+厂商B 80kWh+165kW
763,Factory1,K1,WL0001,M0001,高配,幻光紫,2022-09-02,61,SOP,order1,op1,PR000738,EPR000738,排序,天幕,CX01,橙灰蜃影,厂商A+厂商B 80kWh+165kW
764,Factory1,K1,WL0001,M0001,高配,幻光紫,2022-09-02,62,SOP,order1,op1,PR000739,EPR000739,排序,天幕,CX01,角逐之夜,厂商A+厂商B 80kWh+165kW
753,Factory1,K1,WL0001,M0006,高配科技,幻光紫,2022-09-02,51,SOP,order1,op1,PR000728,EPR000728,排序,天幕,CX05,元气空间,厂商A+厂商B 80kWh+165kW
754,Factory1,K1,WL0001,M0006,高配科技,幻光紫,2022-09-02,52,SOP,order1,op1,PR000729,EPR000729,排序,天幕,CX05,角逐之夜,厂商A+厂商B 80kWh+165kW
755,Factory1,K1,WL0001,M0006,高配科技,幻光紫,2022-09-02,53,SOP,order1,op1,PR000730,EPR000730,排序,天幕,CX05,角逐之夜,厂商A+厂商B 80kWh+165kW
756,Factory1,K1,WL0001,M0006,高配科技,幻光紫,2022-09-02,54,SOP,order1,op1,PR000731,EPR000731,排序,天幕,CX05,元气空间,厂商A+厂商B 80kWh+165kW
757,Factory1,K1,WL0001,M0006,高配科技,幻光紫,2022-09-02,55,SOP,order1,op1,PR000732,EPR000732,排序,天幕,CX05,元气空间,厂商A+厂商B 80kWh+165kW
1064,Factory1,K1,WL0001,M0009,中配,幻光紫,2022-09-02,362,SOP,order1,op1,PR001033,EPR001033,排序,天幕,CX08,橙灰蜃影,厂商A(磷酸铁锂)+厂商B 71.8kWh+165kW
1065,Factory1,K1,WL0001,M0009,中配,幻光紫,2022-09-02,363,SOP,order1,op1,PR001034,EPR001034,排序,天幕,CX08,元气空间,厂商A(磷酸铁锂)+厂商B 71.8kWh+165kW
1069,Factory1,K1,WL0001,M0009,中配,幻光紫,2022-09-02,367,SOP,order1,op1,PR001038,EPR001038,排序,天幕,CX08,元气空间,厂商A(磷酸铁锂)+厂商B 71.8kWh+165kW
1062,Factory1,K1,WL0001,M0010,中配,幻光紫,2022-09-02,360,SOP,order1,op1,PR001031,EPR001031,排序,天幕,CX09,角逐之夜,厂商C+厂商B 69.9kWh+165kW（新）
1063,Factory1,K1,WL0001,M0010,中配,幻光紫,2022-09-02,361,SOP,order1,op1,PR001032,EPR001032,排序,天幕,CX09,角逐之夜,厂商C+厂商B 69.9kWh+165kW（新）
1066,Factory1,K1,WL0001,M0010,中配,幻光紫,2022-09-02,364,SOP,order1,op1,PR001035,EPR001035,排序,天幕,CX09,元气空间,厂商C+厂商B 69.9kWh+165kW（新）
1067,Factory1,K1,WL0001,M0010,中配,幻光紫,2022-09-02,365,SOP,order1,op1,PR001036,EPR001036,排序,天幕,CX09,角逐之夜,厂商C+厂商B 69.9kWh+165kW（新）
1068,Factory1,K1,WL0001,M0010,中配,幻光紫,2022-09-02,366,SOP,order1,op1,PR001037,EPR001037,排序,天幕,CX09,元气空间,厂商C+厂商B 69.9kWh+165kW（新）
1051,Factory1,K1,WL0001,M0007,次高配科技,幻光紫,2022-09-02,349,SOP,order1,op1,PR001020,EPR001020,排序,天幕,CX06,角逐之夜,厂商C+厂商B 69.9kWh+165kW（新）
1052,Factory1,K1,WL0001,M0007,次高配科技,幻光紫,2022-09-02,350,SOP,order1,op1,PR001021,EPR001021,排序,天幕,CX06,角逐之夜,厂商C+厂商B 69.9kWh+165kW（新）
1053,Factory1,K1,WL0001,M0007,次高配科技,幻光紫,2022-09-02,351,SOP,order1,op1,PR001022,EPR001022,排序,天幕,CX06,角逐之夜,厂商C+厂商B 69.9kWh+165kW（新）
1055,Factory1,K1,WL0001,M0007,次高配科技,幻光紫,2022-09-02,353,SOP,order1,op1,PR001024,EPR001024,排序,天幕,CX06,角逐之夜,厂商C+厂商B 69.9kWh+165kW（新）
1057,Factory1,K1,WL0001,M0007,次高配科技,幻光紫,2022-09-02,355,SOP,order1,op1,PR001026,EPR001026,排序,天幕,CX06,角逐之夜,厂商C+厂商B 69.9kWh+165kW（新）
1061,Factory1,K1,WL0001,M0007,次高配科技,幻光紫,2022-09-02,359,SOP,order1,op1,PR001030,EPR001030,排序,天幕,CX06,元气空间,厂商C+厂商B 69.9kWh+165kW（新）
1054,Factory1,K1,WL0001,M0008,次高配科技,幻光紫,2022-09-02,352,SOP,order1,op1,PR001023,EPR001023,排序,天幕,CX07,元气空间,厂商A(磷酸铁锂)+厂商B 71.8kWh+165kW
1056,Factory1,K1,WL0001,M0008,次高配科技,幻光紫,2022-09-02,354,SOP,order1,op1,PR001025,EPR001025,排序,天幕,CX07,角逐之夜,厂商A(磷酸铁锂)+厂商B 71.8kWh+165kW
1058,Factory1,K1,WL0001,M0008,次高配科技,幻光紫,2022-09-02,356,SOP,order1,op1,PR001027,EPR001027,排序,天幕,CX07,元气空间,厂商A(磷酸铁锂)+厂商B 71.8kWh+165kW
1059,Factory1,K1,WL0001,M0008,次高配科技,幻光紫,2022-09-02,357,SOP,order1,op1,PR001028,EPR001028,排序,天幕,CX07,角逐之夜,厂商A(磷酸铁锂)+厂商B 71.8kWh+165kW
1060,Factory1,K1,WL0001,M0008,次高配科技,幻光紫,2022-09-02,358,SOP,order1,op1,PR001029,EPR001029,排序,天幕,CX07,元气空间,厂商A(磷酸铁锂)+厂商B 71.8kWh+165kW
727,Factory1,K1,WL0001,M0008,次高配科技,自由灰,2022-09-02,25,SOP,order1,op1,PR000702,EPR000702,排序,天幕,CX07,元气空间,厂商A(磷酸铁锂)+厂商B 71.8kWh+165kW
730,Factory1,K1,WL0001,M0008,次高配科技,自由灰,2022-09-02,28,SOP,order1,op1,PR000705,EPR000705,排序,天幕,CX07,元气空间,厂商A(磷酸铁锂)+厂商B 71.8kWh+165kW
728,Factory1,K1,WL0001,M0007,次高配科技,自由灰,2022-09-02,26,SOP,order1,op1,PR000703,EPR000703,排序,天幕,CX06,角逐之夜,厂商C+厂商B 69.9kWh+165kW（新）
729,Factory1,K1,WL0001,M0007,次高配科技,自由灰,2022-09-02,27,SOP,order1,op1,PR000704,EPR000704,排序,天幕,CX06,角逐之夜,厂商C+厂商B 69.9kWh+165kW（新）
732,Factory1,K1,WL0001,M0010,中配,自由灰,2022-09-02,30,SOP,order1,op1,PR000707,EPR000707,排序,天幕,CX09,橙灰蜃影,厂商C+厂商B 69.9kWh+165kW（新）
733,Factory1,K1,WL0001,M0010,中配,自由灰,2022-09-02,31,SOP,order1,op1,PR000708,EPR000708,排序,天幕,CX09,元气空间,厂商C+厂商B 69.9kWh+165kW（新）
734,Factory1,K1,WL0001,M0010,中配,自由灰,2022-09-02,32,SOP,order1,op1,PR000709,EPR000709,排序,天幕,CX09,橙灰蜃影,厂商C+厂商B 69.9kWh+165kW（新）
738,Factory1,K1,WL0001,M0010,中配,自由灰,2022-09-02,36,SOP,order1,op1,PR000713,EPR000713,排序,天幕,CX09,角逐之夜,厂商C+厂商B 69.9kWh+165kW（新）
739,Factory1,K1,WL0001,M0010,中配,自由灰,2022-09-02,37,SOP,order1,op1,PR000714,EPR000714,排序,天幕,CX09,角逐之夜,厂商C+厂商B 69.9kWh+165kW（新）
740,Factory1,K1,WL0001,M0010,中配,自由灰,2022-09-02,38,SOP,order1,op1,PR000715,EPR000715,排序,天幕,CX09,元气空间,厂商C+厂商B 69.9kWh+165kW（新）
744,Factory1,K1,WL0001,M0010,中配,自由灰,2022-09-02,42,SOP,order1,op1,PR000719,EPR000719,排序,天幕,CX09,角逐之夜,厂商C+厂商B 69.9kWh+165kW（新）
745,Factory1,K1,WL0001,M0010,中配,自由灰,2022-09-02,43,SOP,order1,op1,PR000720,EPR000720,排序,天幕,CX09,橙灰蜃影,厂商C+厂商B 69.9kWh+165kW（新）
746,Factory1,K1,WL0001,M0010,中配,自由灰,2022-09-02,44,SOP,order1,op1,PR000721,EPR000721,排序,天幕,CX09,角逐之夜,厂商C+厂商B 69.9kWh+165kW（新）
747,Factory1,K1,WL0001,M0010,中配,自由灰,2022-09-02,45,SOP,order1,op1,PR000722,EPR000722,排序,天幕,CX09,元气空间,厂商C+厂商B 69.9kWh+165kW（新）
749,Factory1,K1,WL0001,M0010,中配,自由灰,2022-09-02,47,SOP,order1,op1,PR000724,EPR000724,排序,天幕,CX09,角逐之夜,厂商C+厂商B 69.9kWh+165kW（新）
750,Factory1,K1,WL0001,M0010,中配,自由灰,2022-09-02,48,SOP,order1,op1,PR000725,EPR000725,排序,天幕,CX09,角逐之夜,厂商C+厂商B 69.9kWh+165kW（新）
731,Factory1,K1,WL0001,M0009,中配,自由灰,2022-09-02,29,SOP,order1,op1,PR000706,EPR000706,排序,天幕,CX08,角逐之夜,厂商A(磷酸铁锂)+厂商B 71.8kWh+165kW
735,Factory1,K1,WL0001,M0009,中配,自由灰,2022-09-02,33,SOP,order1,op1,PR000710,EPR000710,排序,天幕,CX08,角逐之夜,厂商A(磷酸铁锂)+厂商B 71.8kWh+165kW
736,Factory1,K1,WL0001,M0009,中配,自由灰,2022-09-02,34,SOP,order1,op1,PR000711,EPR000711,排序,天幕,CX08,角逐之夜,厂商A(磷酸铁锂)+厂商B 71.8kWh+165kW
737,Factory1,K1,WL0001,M0009,中配,自由灰,2022-09-02,35,SOP,order1,op1,PR000712,EPR000712,排序,天幕,CX08,角逐之夜,厂商A(磷酸铁锂)+厂商B 71.8kWh+165kW
741,Factory1,K1,WL0001,M0009,中配,自由灰,2022-09-02,39,SOP,order1,op1,PR000716,EPR000716,排序,天幕,CX08,角逐之夜,厂商A(磷酸铁锂)+厂商B 71.8kWh+165kW
742,Factory1,K1,WL0012,M0019,中配,自由灰,2022-09-02,40,SOP,order1,op1,PR000717,EPR000717,排序,天幕,CX08,元气空间,厂商A(磷酸铁锂)+厂商B 71.8kWh+165kW
743,Factory1,K1,WL0001,M0009,中配,自由灰,2022-09-02,41,SOP,order1,op1,PR000718,EPR000718,排序,天幕,CX08,角逐之夜,厂商A(磷酸铁锂)+厂商B 71.8kWh+165kW
748,Factory1,K1,WL0001,M0009,中配,自由灰,2022-09-02,46,SOP,order1,op1,PR000723,EPR000723,排序,天幕,CX08,角逐之夜,厂商A(磷酸铁锂)+厂商B 71.8kWh+165kW
751,Factory1,K1,WL0001,M0009,中配,自由灰,2022-09-02,49,SOP,order1,op1,PR000726,EPR000726,排序,天幕,CX08,元气空间,厂商A(磷酸铁锂)+厂商B 71.8kWh+165kW
752,Factory1,K1,WL0001,M0009,中配,自由灰,2022-09-02,50,SOP,order1,op1,PR000727,EPR000727,排序,天幕,CX08,角逐之夜,厂商A(磷酸铁锂)+厂商B 71.8kWh+165kW
1047,Factory1,K1,WL0001,M0009,中配,极地白,2022-09-02,345,SOP,order1,op1,PR001016,EPR001016,排序,天幕,CX08,角逐之夜,厂商A(磷酸铁锂)+厂商B 71.8kWh+165kW
1048,Factory1,K1,WL0001,M0009,中配,极地白,2022-09-02,346,SOP,order1,op1,PR001017,EPR001017,排序,天幕,CX08,角逐之夜,厂商A(磷酸铁锂)+厂商B 71.8kWh+165kW
1080,Factory1,K1,WL0001,M0009,中配,极地白,2022-09-02,378,SOP,order1,op1,PR001049,EPR001049,排序,天幕,CX08,元气空间,厂商A(磷酸铁锂)+厂商B 71.8kWh+165kW
1081,Factory1,K1,WL0001,M0009,中配,极地白,2022-09-02,379,SOP,order1,op1,PR001050,EPR001050,排序,天幕,CX08,角逐之夜,厂商A(磷酸铁锂)+厂商B 71.8kWh+165kW
1084,Factory1,K1,WL0001,M0009,中配,极地白,2022-09-02,382,SOP,order1,op1,PR001053,EPR001053,排序,天幕,CX08,角逐之夜,厂商A(磷酸铁锂)+厂商B 71.8kWh+165kW
1086,Factory1,K1,WL0001,M0009,中配,极地白,2022-09-02,384,SOP,order1,op1,PR001055,EPR001055,排序,天幕,CX08,角逐之夜,厂商A(磷酸铁锂)+厂商B 71.8kWh+165kW
1087,Factory1,K1,WL0001,M0009,中配,极地白,2022-09-02,385,SOP,order1,op1,PR001056,EPR001056,排序,天幕,CX08,角逐之夜,厂商A(磷酸铁锂)+厂商B 71.8kWh+165kW
1031,Factory1,K1,WL0001,M0008,次高配科技,极地白,2022-09-02,329,SOP,order1,op1,PR001000,EPR001000,排序,天幕,CX07,橙灰蜃影,厂商A(磷酸铁锂)+厂商B 71.8kWh+165kW
1035,Factory1,K1,WL0001,M0008,次高配科技,极地白,2022-09-02,333,SOP,order1,op1,PR001004,EPR001004,排序,天幕,CX07,角逐之夜,厂商A(磷酸铁锂)+厂商B 71.8kWh+165kW
1038,Factory1,K1,WL0001,M0008,次高配科技,极地白,2022-09-02,336,SOP,order1,op1,PR001007,EPR001007,排序,天幕,CX07,角逐之夜,厂商A(磷酸铁锂)+厂商B 71.8kWh+165kW
1041,Factory1,K1,WL0001,M0008,次高配科技,极地白,2022-09-02,339,SOP,order1,op1,PR001010,EPR001010,排序,天幕,CX07,角逐之夜,厂商A(磷酸铁锂)+厂商B 71.8kWh+165kW
1030,Factory1,K1,WL0001,M0007,次高配科技,极地白,2022-09-02,328,SOP,order1,op1,PR000999,EPR000999,排序,天幕,CX06,角逐之夜,厂商C+厂商B 69.9kWh+165kW（新）
1032,Factory1,K1,WL0001,M0007,次高配科技,极地白,2022-09-02,330,SOP,order1,op1,PR001001,EPR001001,排序,天幕,CX06,角逐之夜,厂商C+厂商B 69.9kWh+165kW（新）
1033,Factory1,K1,WL0001,M0007,次高配科技,极地白,2022-09-02,331,SOP,order1,op1,PR001002,EPR001002,排序,天幕,CX06,角逐之夜,厂商C+厂商B 69.9kWh+165kW（新）
1034,Factory1,K1,WL0001,M0007,次高配科技,极地白,2022-09-02,332,SOP,order1,op1,PR001003,EPR001003,排序,天幕,CX06,角逐之夜,厂商C+厂商B 69.9kWh+165kW（新）
1036,Factory1,K1,WL0001,M0007,次高配科技,极地白,2022-09-02,334,SOP,order1,op1,PR001005,EPR001005,排序,天幕,CX06,角逐之夜,厂商C+厂商B 69.9kWh+165kW（新）
1037,Factory1,K1,WL0001,M0007,次高配科技,极地白,2022-09-02,335,SOP,order1,op1,PR001006,EPR001006,排序,天幕,CX06,橙灰蜃影,厂商C+厂商B 69.9kWh+165kW（新）
1039,Factory1,K1,WL0001,M0007,次高配科技,极地白,2022-09-02,337,SOP,order1,op1,PR001008,EPR001008,排序,天幕,CX06,角逐之夜,厂商C+厂商B 69.9kWh+165kW（新）
1040,Factory1,K1,WL0001,M0007,次高配科技,极地白,2022-09-02,338,SOP,order1,op1,PR001009,EPR001009,排序,天幕,CX06,角逐之夜,厂商C+厂商B 69.9kWh+165kW（新）
1042,Factory1,K1,WL0001,M0007,次高配科技,极地白,2022-09-02,340,SOP,order1,op1,PR001011,EPR001011,排序,天幕,CX06,角逐之夜,厂商C+厂商B 69.9kWh+165kW（新）
1043,Factory1,K1,WL0001,M0007,次高配科技,极地白,2022-09-02,341,SOP,order1,op1,PR001012,EPR001012,排序,天幕,CX06,元气空间,厂商C+厂商B 69.9kWh+165kW（新）
1044,Factory1,K1,WL0001,M0007,次高配科技,极地白,2022-09-02,342,SOP,order1,op1,PR001013,EPR001013,排序,天幕,CX06,元气空间,厂商C+厂商B 69.9kWh+165kW（新）
1045,Factory1,K1,WL0001,M0007,次高配科技,极地白,2022-09-02,343,SOP,order1,op1,PR001014,EPR001014,排序,天幕,CX06,元气空间,厂商C+厂商B 69.9kWh+165kW（新）
1046,Factory1,K1,WL0001,M0007,次高配科技,极地白,2022-09-02,344,SOP,order1,op1,PR001015,EPR001015,排序,天幕,CX06,角逐之夜,厂商C+厂商B 69.9kWh+165kW（新）
774,Factory1,K1,WL0001,M0001,高配,极地白,2022-09-02,72,SOP,order1,op1,PR000749,EPR000749,排序,天幕,CX01,角逐之夜,厂商A+厂商B 80kWh+165kW
775,Factory1,K1,WL0001,M0001,高配,极地白,2022-09-02,73,SOP,order1,op1,PR000750,EPR000750,排序,天幕,CX01,角逐之夜,厂商A+厂商B 80kWh+165kW
776,Factory1,K1,WL0001,M0001,高配,极地白,2022-09-02,74,SOP,order1,op1,PR000751,EPR000751,排序,天幕,CX01,角逐之夜,厂商A+厂商B 80kWh+165kW
777,Factory1,K1,WL0001,M0001,高配,极地白,2022-09-02,75,SOP,order1,op1,PR000752,EPR000752,排序,天幕,CX01,角逐之夜,厂商A+厂商B 80kWh+165kW
778,Factory1,K1,WL0001,M0001,高配,极地白,2022-09-02,76,SOP,order1,op1,PR000753,EPR000753,排序,天幕,CX01,角逐之夜,厂商A+厂商B 80kWh+165kW
779,Factory1,K1,WL0001,M0001,高配,极地白,2022-09-02,77,SOP,order1,op1,PR000754,EPR000754,排序,天幕,CX01,角逐之夜,厂商A+厂商B 80kWh+165kW
780,Factory1,K1,WL0001,M0001,高配,极地白,2022-09-02,78,SOP,order1,op1,PR000755,EPR000755,排序,天幕,CX01,角逐之夜,厂商A+厂商B 80kWh+165kW
781,Factory1,K1,WL0001,M0001,高配,极地白,2022-09-02,79,SOP,order1,op1,PR000756,EPR000756,排序,天幕,CX01,角逐之夜,厂商A+厂商B 80kWh+165kW
782,Factory1,K1,WL0001,M0001,高配,极地白,2022-09-02,80,SOP,order1,op1,PR000757,EPR000757,排序,天幕,CX01,角逐之夜,厂商A+厂商B 80kWh+165kW
1029,Factory1,K1,WL0001,M0001,高配,极地白,2022-09-02,327,SOP,order1,op1,PR000998,EPR000998,排序,天幕,CX01,角逐之夜,厂商A+厂商B 80kWh+165kW
765,Factory1,K1,WL0001,M0006,高配科技,极地白,2022-09-02,63,SOP,order1,op1,PR000740,EPR000740,排序,天幕,CX05,元气空间,厂商A+厂商B 80kWh+165kW
769,Factory1,K1,WL0001,M0006,高配科技,极地白,2022-09-02,67,SOP,order1,op1,PR000744,EPR000744,排序,天幕,CX05,角逐之夜,厂商A+厂商B 80kWh+165kW
770,Factory1,K1,WL0001,M0006,高配科技,极地白,2022-09-02,68,SOP,order1,op1,PR000745,EPR000745,排序,天幕,CX05,角逐之夜,厂商A+厂商B 80kWh+165kW
771,Factory1,K1,WL0001,M0006,高配科技,极地白,2022-09-02,69,SOP,order1,op1,PR000746,EPR000746,排序,天幕,CX05,角逐之夜,厂商A+厂商B 80kWh+165kW
772,Factory1,K1,WL0001,M0006,高配科技,极地白,2022-09-02,70,SOP,order1,op1,PR000747,EPR000747,排序,天幕,CX05,角逐之夜,厂商A+厂商B 80kWh+165kW
773,Factory1,K1,WL0001,M0006,高配科技,极地白,2022-09-02,71,SOP,order1,op1,PR000748,EPR000748,排序,天幕,CX05,元气空间,厂商A+厂商B 80kWh+165kW
766,Factory1,K1,WL0001,M0006,高配科技,黑/极地白,2022-09-02,64,SOP,order1,op1,PR000741,EPR000741,排序,天幕,CX05,元气空间,厂商A+厂商B 80kWh+165kW
767,Factory1,K1,WL0001,M0001,高配,黑/极地白,2022-09-02,65,SOP,order1,op1,PR000742,EPR000742,排序,天幕,CX01,元气空间,厂商A+厂商B 80kWh+165kW
768,Factory1,K1,WL0001,M0007,次高配科技,黑/极地白,2022-09-02,66,SOP,order1,op1,PR000743,EPR000743,排序,天幕,CX06,角逐之夜,厂商C+厂商B 69.9kWh+165kW（新）
1070,Factory1,K1,WL0001,M0007,次高配科技,全息银,2022-09-02,368,SOP,order1,op1,PR001039,EPR001039,排序,天幕,CX06,角逐之夜,厂商C+厂商B 69.9kWh+165kW（新）
1071,Factory1,K1,WL0001,M0007,次高配科技,全息银,2022-09-02,369,SOP,order1,op1,PR001040,EPR001040,排序,天幕,CX06,角逐之夜,厂商C+厂商B 69.9kWh+165kW（新）
1072,Factory1,K1,WL0001,M0007,次高配科技,全息银,2022-09-02,370,SOP,order1,op1,PR001041,EPR001041,排序,天幕,CX06,橙灰蜃影,厂商C+厂商B 69.9kWh+165kW（新）
1073,Factory1,K1,WL0001,M0007,次高配科技,全息银,2022-09-02,371,SOP,order1,op1,PR001042,EPR001042,排序,天幕,CX06,元气空间,厂商C+厂商B 69.9kWh+165kW（新）
1074,Factory1,K1,WL0001,M0007,次高配科技,全息银,2022-09-02,372,SOP,order1,op1,PR001043,EPR001043,排序,天幕,CX06,角逐之夜,厂商C+厂商B 69.9kWh+165kW（新）
1075,Factory1,K1,WL0001,M0007,次高配科技,全息银,2022-09-02,373,SOP,order1,op1,PR001044,EPR001044,排序,天幕,CX06,橙灰蜃影,厂商C+厂商B 69.9kWh+165kW（新）
1076,Factory1,K1,WL0001,M0007,次高配科技,全息银,2022-09-02,374,SOP,order1,op1,PR001045,EPR001045,排序,天幕,CX06,元气空间,厂商C+厂商B 69.9kWh+165kW（新）
1077,Factory1,K1,WL0001,M0007,次高配科技,全息银,2022-09-02,375,SOP,order1,op1,PR001046,EPR001046,排序,天幕,CX06,元气空间,厂商C+厂商B 69.9kWh+165kW（新）
1078,Factory1,K1,WL0001,M0007,次高配科技,全息银,2022-09-02,376,SOP,order1,op1,PR001047,EPR001047,排序,天幕,CX06,角逐之夜,厂商C+厂商B 69.9kWh+165kW（新）
723,Factory1,K1,WL0001,M0010,中配,星漫绿,2022-09-02,21,SOP,order1,op1,PR000698,EPR000698,排序,天幕,CX09,角逐之夜,厂商C+厂商B 69.9kWh+165kW（新）
724,Factory1,K1,WL0001,M0010,中配,星漫绿,2022-09-02,22,SOP,order1,op1,PR000699,EPR000699,排序,天幕,CX09,角逐之夜,厂商C+厂商B 69.9kWh+165kW（新）
725,Factory1,K1,WL0001,M0010,中配,星漫绿,2022-09-02,23,SOP,order1,op1,PR000700,EPR000700,排序,天幕,CX09,角逐之夜,厂商C+厂商B 69.9kWh+165kW（新）
726,Factory1,K1,WL0001,M0010,中配,星漫绿,2022-09-02,24,SOP,order1,op1,PR000701,EPR000701,排序,天幕,CX09,角逐之夜,厂商C+厂商B 69.9kWh+165kW（新）
1049,Factory1,K1,WL0001,M0010,中配,极地白,2022-09-02,347,SOP,order1,op1,PR001018,EPR001018,排序,天幕,CX09,角逐之夜,厂商C+厂商B 69.9kWh+165kW（新）
1050,Factory1,K1,WL0001,M0010,中配,极地白,2022-09-02,348,SOP,order1,op1,PR001019,EPR001019,排序,天幕,CX09,角逐之夜,厂商C+厂商B 69.9kWh+165kW（新）
1079,Factory1,K1,WL0001,M0010,中配,极地白,2022-09-02,377,SOP,order1,op1,PR001048,EPR001048,排序,天幕,CX09,橙灰蜃影,厂商C+厂商B 69.9kWh+165kW（新）
1082,Factory1,K1,WL0001,M0010,中配,极地白,2022-09-02,380,SOP,order1,op1,PR001051,EPR001051,排序,天幕,CX09,元气空间,厂商C+厂商B 69.9kWh+165kW（新）
1083,Factory1,K1,WL0001,M0010,中配,极地白,2022-09-02,381,SOP,order1,op1,PR001052,EPR001052,排序,天幕,CX09,角逐之夜,厂商C+厂商B 69.9kWh+165kW（新）
1085,Factory1,K1,WL0001,M0010,中配,极地白,2022-09-02,383,SOP,order1,op1,PR001054,EPR001054,排序,天幕,CX09,角逐之夜,厂商C+厂商B 69.9kWh+165kW（新）
1088,Factory1,K1,WL0001,M0010,中配,极地白,2022-09-02,386,SOP,order1,op1,PR001057,EPR001057,排序,天幕,CX09,元气空间,厂商C+厂商B 69.9kWh+165kW（新）
703,Factory1,K6,WL0011,M0018,出租车全国版,极地白,2022-09-02,1,SOP,order1,op1,PR000678,EPR000678,排序,无天窗,CX15,出租车主题,厂商A LFP 132Ah（410 HCU-4）+厂商B(小) 50.688kWh+100kW
704,Factory1,K6,WL0011,M0018,出租车全国版,极地白,2022-09-02,2,SOP,order1,op1,PR000679,EPR000679,排序,无天窗,CX15,出租车主题,厂商A LFP 132Ah（410 HCU-4）+厂商B(小) 50.688kWh+100kW
705,Factory1,K6,WL0011,M0018,出租车全国版,极地白,2022-09-02,3,SOP,order1,op1,PR000680,EPR000680,排序,无天窗,CX15,出租车主题,厂商A LFP 132Ah（410 HCU-4）+厂商B(小) 50.688kWh+100kW
706,Factory1,K6,WL0011,M0018,出租车全国版,极地白,2022-09-02,4,SOP,order1,op1,PR000681,EPR000681,排序,无天窗,CX15,出租车主题,厂商A LFP 132Ah（410 HCU-4）+厂商B(小) 50.688kWh+100kW
707,Factory1,K6,WL0011,M0018,出租车全国版,极地白,2022-09-02,5,SOP,order1,op1,PR000682,EPR000682,排序,无天窗,CX15,出租车主题,厂商A LFP 132Ah（410 HCU-4）+厂商B(小) 50.688kWh+100kW
708,Factory1,K6,WL0011,M0018,出租车全国版,极地白,2022-09-02,6,SOP,order1,op1,PR000683,EPR000683,排序,无天窗,CX15,出租车主题,厂商A LFP 132Ah（410 HCU-4）+厂商B(小) 50.688kWh+100kW
709,Factory1,K6,WL0011,M0018,出租车全国版,极地白,2022-09-02,7,SOP,order1,op1,PR000684,EPR000684,排序,无天窗,CX15,出租车主题,厂商A LFP 132Ah（410 HCU-4）+厂商B(小) 50.688kWh+100kW
710,Factory1,K6,WL0011,M0018,出租车全国版,极地白,2022-09-02,8,SOP,order1,op1,PR000685,EPR000685,排序,无天窗,CX15,出租车主题,厂商A LFP 132Ah（410 HCU-4）+厂商B(小) 50.688kWh+100kW
711,Factory1,K6,WL0011,M0018,出租车全国版,极地白,2022-09-02,9,SOP,order1,op1,PR000686,EPR000686,排序,无天窗,CX15,出租车主题,厂商A LFP 132Ah（410 HCU-4）+厂商B(小) 50.688kWh+100kW
712,Factory1,K6,WL0011,M0018,出租车全国版,极地白,2022-09-02,10,SOP,order1,op1,PR000687,EPR000687,排序,无天窗,CX15,出租车主题,厂商A LFP 132Ah（410 HCU-4）+厂商B(小) 50.688kWh+100kW
713,Factory1,K6,WL0011,M0018,出租车全国版,极地白,2022-09-02,11,SOP,order1,op1,PR000688,EPR000688,排序,无天窗,CX15,出租车主题,厂商A LFP 132Ah（410 HCU-4）+厂商B(小) 50.688kWh+100kW
714,Factory1,K6,WL0011,M0018,出租车全国版,极地白,2022-09-02,12,SOP,order1,op1,PR000689,EPR000689,排序,无天窗,CX15,出租车主题,厂商A LFP 132Ah（410 HCU-4）+厂商B(小) 50.688kWh+100kW
715,Factory1,K6,WL0011,M0018,出租车全国版,极地白,2022-09-02,13,SOP,order1,op1,PR000690,EPR000690,排序,无天窗,CX15,出租车主题,厂商A LFP 132Ah（410 HCU-4）+厂商B(小) 50.688kWh+100kW
716,Factory1,K6,WL0011,M0018,出租车全国版,极地白,2022-09-02,14,SOP,order1,op1,PR000691,EPR000691,排序,无天窗,CX15,出租车主题,厂商A LFP 132Ah（410 HCU-4）+厂商B(小) 50.688kWh+100kW
717,Factory1,K6,WL0011,M0018,出租车全国版,极地白,2022-09-02,15,SOP,order1,op1,PR000692,EPR000692,排序,无天窗,CX15,出租车主题,厂商A LFP 132Ah（410 HCU-4）+厂商B(小) 50.688kWh+100kW
718,Factory1,K6,WL0011,M0018,出租车全国版,极地白,2022-09-02,16,SOP,order1,op1,PR000693,EPR000693,排序,无天窗,CX15,出租车主题,厂商A LFP 132Ah（410 HCU-4）+厂商B(小) 50.688kWh+100kW
719,Factory1,K6,WL0011,M0018,出租车全国版,极地白,2022-09-02,17,SOP,order1,op1,PR000694,EPR000694,排序,无天窗,CX15,出租车主题,厂商A LFP 132Ah（410 HCU-4）+厂商B(小) 50.688kWh+100kW
720,Factory1,K6,WL0011,M0018,出租车全国版,极地白,2022-09-02,18,SOP,order1,op1,PR000695,EPR000695,排序,无天窗,CX15,出租车主题,厂商A LFP 132Ah（410 HCU-4）+厂商B(小) 50.688kWh+100kW
721,Factory1,K6,WL0011,M0018,出租车全国版,极地白,2022-09-02,19,SOP,order1,op1,PR000696,EPR000696,排序,无天窗,CX15,出租车主题,厂商A LFP 132Ah（410 HCU-4）+厂商B(小) 50.688kWh+100kW
722,Factory1,K6,WL0011,M0018,出租车全国版,极地白,2022-09-02,20,SOP,order1,op1,PR000697,EPR000697,排序,无天窗,CX15,出租车主题,厂商A LFP 132Ah（410 HCU-4）+厂商B(小) 50.688kWh+100kW
